"Status","DaysEnrollToStart","Campus1","Campus2","ProgramVersionBSDH2017","ProgramVersionBSN2013","ProgramVersionBSN2015","DaysLeadToEnroll","GenderFemale","MaritalStatusDivorced","MaritalStatusMarried","MaritalStatusSeparated","MaritalStatusSingle","MaritalStatusWidowed","AgeAtLead","IsVeteran1","IsHispanic1","FinancialAidAdvisorID1"
"0",48,1,0,0,0,1,195,1,0,0,0,1,0,23,0,0,1
"0",130,1,0,0,0,1,335,1,0,0,0,1,0,18,0,0,1
"1",73,0,0,0,0,1,-1,0,0,0,0,1,0,18,0,0,1
"0",126,0,0,0,0,1,116,1,0,1,0,0,0,23,0,0,1
"0",103,0,0,0,0,1,130,1,0,0,0,1,0,21,0,1,1
"1",34,1,0,0,0,1,-1,0,0,0,0,1,0,24,0,0,1
"1",48,1,0,0,0,0,-1,1,0,1,0,0,0,29,0,0,1
"0",105,0,1,0,0,1,-1,1,0,0,0,1,0,20,0,0,1
"1",109,0,0,0,0,0,-1,1,0,1,0,0,0,26,0,0,0
"0",130,0,0,0,0,1,55,1,0,0,0,1,0,19,0,0,1
"0",53,0,0,0,0,1,-1,1,0,0,0,1,0,22,0,0,1
"0",104,0,0,0,0,1,49,1,0,0,0,1,0,22,0,0,1
"0",802,1,0,0,0,0,196,1,0,1,0,0,0,30,0,0,1
"0",98,0,1,0,0,1,20,0,0,0,0,1,0,25,0,0,1
"0",108,1,0,0,0,0,904,1,0,1,0,0,0,30,0,0,1
"0",70,0,0,0,0,0,-1,1,0,0,0,1,0,33,0,1,1
"0",82,0,0,0,0,1,1034,1,0,0,0,1,0,24,0,0,1
"0",74,0,1,0,0,0,1718,1,0,0,0,1,0,24,0,0,1
"1",101,0,0,0,0,1,-1,1,0,0,0,1,0,23,0,0,1
"0",87,1,0,0,0,0,57,1,0,0,0,1,0,25,0,1,1
"1",61,1,0,0,0,1,0,1,0,1,0,0,0,23,0,0,1
"0",77,1,0,0,0,1,9,1,0,1,0,0,0,36,1,0,1
"0",130,0,0,0,0,0,12,1,0,0,0,1,0,24,0,0,1
"1",83,0,1,0,0,1,1152,1,0,0,0,1,0,20,0,1,1
"1",91,1,0,0,0,1,647,0,0,0,0,1,0,27,0,1,1
"1",75,1,0,0,0,1,351,1,0,0,0,1,0,22,0,0,1
"0",131,0,1,0,0,1,-1,1,0,0,0,1,0,28,0,0,1
"0",103,0,0,0,0,0,515,1,0,0,0,1,0,30,0,0,1
"1",67,0,0,0,0,1,0,0,0,0,0,1,0,25,0,1,1
"1",74,1,0,0,0,1,882,1,0,0,0,1,0,21,0,1,1
"1",110,0,1,0,0,1,-1,1,0,0,0,1,0,34,0,1,1
"0",118,0,0,0,0,1,14,1,0,0,0,1,0,28,0,0,1
"0",122,0,1,0,0,1,76,1,0,0,0,1,0,22,0,1,1
"1",123,0,1,0,0,1,-1,0,0,0,0,1,0,19,0,0,1
"0",80,1,0,0,0,1,0,1,0,0,0,1,0,24,0,0,1
"1",126,1,0,0,0,0,0,1,1,0,0,0,0,28,0,0,1
"1",67,0,1,0,0,1,335,1,0,0,0,1,0,23,0,0,1
"1",56,0,1,0,0,1,7,1,0,0,0,1,0,17,0,0,1
"1",63,1,0,0,0,1,1846,1,0,0,0,1,0,25,0,0,1
"1",137,0,1,0,0,1,-1,0,0,0,0,0,0,20,0,1,0
"0",19,1,0,0,0,1,2505,0,0,0,0,1,0,20,0,0,1
"1",111,0,1,0,0,1,24,1,0,0,0,0,0,22,0,0,0
"0",94,0,0,0,0,1,57,0,0,0,0,0,0,26,0,0,1
"0",83,0,0,0,0,1,55,0,0,0,0,1,0,27,0,1,1
"0",19,1,0,0,0,1,-1,0,0,0,0,1,0,23,1,0,1
"0",52,1,0,0,0,1,300,1,0,0,0,1,0,19,0,0,1
"0",119,0,1,0,0,1,-1,1,0,0,0,1,0,24,0,0,1
"1",14,0,0,1,0,0,293,1,0,0,0,1,0,20,0,1,1
"0",129,1,0,0,0,1,71,1,0,0,0,1,0,22,0,0,1
"0",102,0,1,0,0,1,7,0,0,0,0,1,0,26,0,0,1
"1",87,0,1,0,0,1,-1,1,0,1,0,0,0,39,0,1,1
"0",84,0,0,0,0,1,-1,1,0,0,0,1,0,23,0,1,1
"0",151,0,1,0,0,1,-1,0,0,0,0,1,0,20,0,0,1
"1",143,0,0,0,0,1,16,1,0,0,0,0,0,21,0,0,1
"0",104,0,1,0,0,1,-1,1,0,0,0,1,0,30,0,0,1
"0",45,1,0,0,0,1,-1,1,0,0,0,1,0,21,0,0,1
"1",91,1,0,0,0,1,156,0,0,0,0,1,0,28,0,1,1
"1",122,1,0,0,0,1,2690,1,0,0,0,1,0,21,0,1,1
"0",123,0,1,0,0,1,97,0,0,0,0,1,0,20,0,1,1
"0",117,0,0,0,0,1,-1,1,0,0,0,1,0,23,0,0,1
"1",56,0,1,0,0,1,-1,1,0,0,0,1,0,31,0,1,0
"0",53,0,1,0,0,0,1939,1,0,0,0,0,0,28,0,1,1
"0",77,1,0,0,0,1,98,1,0,0,0,1,0,23,0,1,1
"1",68,0,0,0,0,0,428,1,0,1,0,0,0,41,0,1,1
"0",109,0,0,0,0,1,-1,1,0,0,0,0,0,20,0,0,1
"0",94,1,0,0,0,1,116,1,0,1,0,0,0,23,0,1,1
"1",125,1,0,0,0,1,5,1,0,0,0,1,0,18,0,1,1
"0",101,0,1,0,0,1,-1,0,0,0,0,1,0,28,0,0,1
"0",150,0,1,0,0,1,17,1,0,0,0,1,0,21,0,0,1
"1",66,1,0,0,0,1,364,0,0,0,0,1,0,23,0,0,0
"1",145,0,0,0,0,1,232,1,0,0,0,0,0,36,0,1,0
"1",98,0,1,0,0,0,945,1,1,0,0,0,0,44,0,0,1
"0",108,0,1,0,0,1,43,1,0,0,0,1,0,22,0,0,1
"0",131,0,1,0,0,1,6,1,0,0,0,1,0,22,0,0,1
"1",84,1,0,0,0,1,80,1,0,0,0,1,0,20,0,1,1
"0",89,0,0,0,0,1,0,1,0,0,0,1,0,23,0,0,1
"1",108,0,0,0,0,1,0,1,0,0,0,1,0,26,0,1,1
"1",81,1,0,0,0,1,0,1,0,0,0,1,0,22,0,1,1
"0",286,0,1,0,0,1,-1,1,0,0,0,1,0,21,0,0,1
"1",77,0,1,0,0,1,-1,1,0,1,0,0,0,30,0,0,1
"0",63,0,1,0,0,1,1977,1,0,0,0,1,0,23,0,0,1
"0",81,0,1,0,0,1,91,0,0,0,0,1,0,23,0,0,1
"1",94,0,1,0,0,1,-1,1,0,0,0,1,0,26,0,1,0
"1",45,1,0,0,0,1,885,0,0,0,0,1,0,20,0,0,1
"0",68,1,0,0,0,1,0,0,0,0,0,1,0,18,0,0,1
"0",95,0,1,0,0,1,847,0,0,0,0,1,0,20,0,0,1
"1",119,1,0,0,0,1,-1,0,0,0,0,1,0,20,0,0,1
"0",75,0,0,0,0,1,-1,1,0,0,0,1,0,22,0,0,1
"0",53,0,0,0,0,1,-1,1,0,0,1,0,0,27,0,1,1
"1",70,1,0,0,0,1,-1,1,0,0,0,1,0,21,0,0,1
"1",115,0,0,0,0,1,-1,0,0,0,0,1,0,21,0,0,1
"0",153,0,0,0,0,0,10,1,0,0,0,1,0,26,0,1,1
"0",84,0,0,1,0,0,-1,0,0,0,0,1,0,22,0,0,1
"0",112,0,1,0,0,1,-1,1,0,0,0,1,0,21,0,0,1
"1",98,0,1,0,0,1,2141,1,0,0,0,1,0,23,0,1,0
"0",130,0,0,0,0,0,-1,1,0,1,0,0,0,21,0,0,1
"0",84,0,0,0,0,1,189,0,0,0,0,1,0,29,0,0,1
"0",38,0,0,1,0,0,-1,1,0,0,0,1,0,34,0,0,1
"0",87,0,1,0,0,1,94,1,0,0,0,1,0,21,0,0,1
"1",133,0,0,0,0,1,-1,1,0,0,0,1,0,21,0,0,1
"0",66,0,1,0,0,1,0,1,0,0,0,1,0,21,0,0,1
"1",90,0,1,0,0,1,0,0,0,1,0,0,0,22,0,1,0
"0",39,1,0,0,0,1,-1,1,1,0,0,0,0,27,1,0,1
"1",132,0,1,0,0,1,12,1,0,0,0,1,0,20,0,1,1
"0",116,0,0,0,0,1,1525,1,0,0,0,0,0,26,0,0,1
"0",129,0,0,0,0,1,0,0,0,0,0,1,0,21,0,0,1
"0",96,1,0,0,0,0,0,1,0,1,0,0,0,27,1,0,1
"1",77,1,0,0,0,1,13,0,0,0,0,1,0,27,0,0,1
"1",103,0,1,0,0,0,820,1,0,0,0,1,0,30,0,0,1
"1",80,0,1,0,0,1,-1,0,0,0,1,0,0,27,0,0,1
"1",98,0,1,0,0,0,13,1,0,0,0,1,0,45,0,1,0
"0",76,0,1,0,0,1,850,1,0,0,0,1,0,27,0,0,1
"1",88,0,0,0,0,1,-1,0,0,0,0,1,0,25,0,1,1
"0",150,0,0,0,0,1,28,1,0,0,0,0,0,28,0,1,1
"0",118,0,1,0,0,1,-1,1,0,0,0,1,0,18,0,0,1
"0",46,0,0,1,0,0,-1,0,0,0,0,1,0,26,0,0,1
"0",231,0,0,0,0,0,2154,1,0,0,0,1,0,20,0,0,1
"0",122,0,0,0,0,1,-1,1,0,0,0,1,0,24,0,0,1
"1",98,0,0,0,0,0,97,1,0,1,0,0,0,33,0,0,1
"1",73,0,0,0,0,1,-1,1,0,1,0,0,0,32,0,0,1
"0",101,1,0,0,0,1,415,1,0,0,0,1,0,21,0,1,1
"1",119,1,0,0,0,1,80,0,0,0,0,1,0,18,0,1,1
"1",63,0,0,0,0,1,9,1,0,0,0,1,0,23,0,1,1
"1",6,0,0,1,0,0,570,1,0,0,0,1,0,19,0,0,1
"0",74,0,0,1,0,0,-1,1,0,0,0,1,0,23,0,0,1
"1",117,0,0,0,0,0,905,1,0,0,0,1,0,22,0,0,1
"1",56,0,0,0,0,1,13,1,0,1,0,0,0,36,0,0,1
"0",33,1,0,0,0,1,2,1,0,1,0,0,0,23,0,0,1
"1",75,0,1,0,0,1,-1,1,0,0,0,1,0,23,0,1,1
"0",131,0,1,0,0,1,-1,0,0,0,0,1,0,22,0,0,1
"1",76,1,0,0,0,0,790,1,0,1,0,0,0,18,0,1,1
"1",147,0,1,0,0,1,914,1,0,0,0,1,0,17,0,0,1
"0",125,0,0,0,0,1,61,1,0,0,0,1,0,22,0,1,1
"0",105,0,0,0,0,1,1800,0,0,0,0,1,0,21,0,0,1
"0",82,0,1,0,0,1,326,0,0,0,0,1,0,23,0,0,1
"1",110,0,0,0,0,1,-1,1,0,0,0,1,0,23,0,0,1
"1",146,0,1,0,0,1,1484,1,0,0,0,1,0,20,0,0,1
"0",101,0,1,0,0,1,168,1,0,1,0,0,0,31,0,0,1
"0",102,1,0,0,0,0,969,0,0,1,0,0,0,32,0,0,1
"1",109,0,0,1,0,0,1,1,0,1,0,0,0,19,0,0,0
"1",118,0,1,0,0,1,28,1,0,1,0,0,0,28,0,0,1
"1",80,0,0,0,0,0,-1,1,0,0,0,1,0,21,0,0,1
"1",119,1,0,0,0,1,694,1,0,0,0,1,0,21,0,1,1
"1",116,0,0,0,0,1,33,1,0,0,0,1,0,36,0,0,1
"1",104,1,0,0,0,1,1856,1,0,1,0,0,0,25,0,0,1
"1",95,1,0,0,0,1,-1,1,0,0,0,1,0,27,0,1,1
"0",126,1,0,0,0,1,937,1,0,0,0,1,0,20,0,0,1
"1",68,1,0,0,0,0,118,1,0,0,0,1,0,26,0,0,1
"0",116,0,1,0,0,1,0,1,0,0,0,1,0,24,0,1,1
"0",131,1,0,0,0,0,2,1,0,0,0,1,0,32,0,0,1
"1",126,1,0,0,0,1,721,1,0,0,0,1,0,22,0,0,1
"0",83,1,0,0,0,1,1,1,0,0,0,1,0,21,0,0,1
"0",124,1,0,0,0,1,415,1,0,1,0,0,0,27,0,0,1
"0",1403,0,1,0,1,0,38,0,0,0,0,1,0,19,0,0,1
"1",108,0,0,1,0,0,-1,1,0,0,0,1,0,19,0,1,1
"0",115,0,0,0,0,1,-1,1,0,0,0,1,0,22,0,1,1
"0",63,0,1,0,0,1,737,0,0,0,0,1,0,20,0,1,1
"0",74,1,0,0,0,1,127,0,0,0,0,1,0,27,1,0,1
"1",125,1,0,0,0,1,-1,1,0,0,0,1,0,22,0,1,1
"0",125,1,0,0,0,1,1436,1,0,1,0,0,0,30,0,1,1
"0",63,0,1,0,0,0,1657,1,0,1,0,0,0,23,0,0,1
"0",90,0,1,0,0,1,0,1,0,0,0,1,0,20,0,0,1
"0",132,0,1,0,0,0,-1,0,0,1,0,0,0,34,0,0,1
"1",116,0,1,0,0,1,18,0,0,0,0,1,0,24,0,0,1
"0",125,0,1,0,0,0,-1,1,0,1,0,0,0,39,0,0,1
"0",122,0,1,0,0,1,842,1,0,0,0,1,0,23,0,0,1
"0",105,1,0,0,0,1,-1,1,0,0,0,1,0,21,0,0,1
"1",95,0,0,1,0,0,-1,1,0,0,0,0,0,20,0,0,1
"0",67,0,1,0,0,0,1837,1,0,0,0,1,0,24,0,0,1
"0",14,0,0,1,0,0,-1,1,0,0,0,1,0,30,0,0,1
"0",117,0,0,0,0,1,67,1,0,0,0,0,0,20,0,0,1
"1",73,0,0,0,0,1,6,0,0,0,0,1,0,30,0,0,0
"1",126,0,0,0,0,1,968,1,0,1,0,0,0,29,0,0,1
"0",104,0,0,0,0,1,42,0,0,0,0,1,0,26,0,0,1
"1",130,0,0,0,0,1,34,1,0,0,0,1,0,25,0,0,1
"1",48,1,0,0,0,1,833,1,0,0,0,1,0,26,0,1,1
"0",69,1,0,0,0,1,1,1,0,0,0,1,0,26,0,1,1
"0",63,0,0,0,0,1,0,0,0,0,0,1,0,22,0,0,1
"0",94,0,0,0,0,1,2331,1,0,0,0,1,0,18,0,0,1
"0",117,0,1,0,0,1,-1,1,0,0,0,1,0,22,0,1,1
"0",131,0,0,0,0,1,22,1,0,0,0,1,0,24,0,0,1
"1",118,1,0,0,0,1,1950,1,0,0,0,1,0,28,0,0,1
"1",137,0,0,0,0,0,502,1,0,0,1,0,0,34,0,0,0
"0",68,1,0,0,0,1,-1,1,0,0,0,1,0,34,0,1,1
"1",124,0,0,0,0,1,-1,1,0,0,0,0,0,23,0,0,0
"1",87,0,1,0,0,1,127,1,0,0,0,1,0,21,0,0,1
"0",111,1,0,0,0,1,-1,1,0,0,0,1,0,25,0,1,1
"0",101,0,0,0,0,1,13,1,0,0,0,1,0,26,0,1,1
"1",115,0,0,0,0,1,52,1,0,0,0,0,0,19,0,0,1
"0",122,0,0,0,0,1,20,0,0,0,0,1,0,24,0,0,1
"1",97,0,1,0,0,1,0,1,0,0,0,1,0,29,0,0,0
"1",91,1,0,0,0,1,0,1,0,0,0,1,0,27,0,1,1
"1",91,0,1,0,0,1,-1,1,0,0,0,1,0,19,0,1,0
"1",110,1,0,0,0,1,6,1,0,0,0,1,0,21,0,1,1
"0",81,1,0,0,0,1,-1,1,0,0,0,1,0,20,0,0,1
"1",83,0,1,0,0,1,0,1,0,0,0,1,0,22,0,1,1
"0",63,0,0,0,0,1,-1,1,0,0,0,1,0,16,0,1,1
"0",157,0,0,0,0,1,-1,0,0,1,0,0,0,31,0,1,1
"0",136,0,1,0,0,1,-1,1,0,0,0,1,0,22,0,0,1
"1",87,1,0,0,0,1,0,1,0,0,0,1,0,27,0,1,1
"0",112,0,0,0,0,1,83,1,0,1,0,0,0,31,0,1,1
"1",132,0,0,0,0,0,0,1,0,1,0,0,0,45,0,0,1
"1",138,0,0,0,0,1,15,1,0,0,0,1,0,22,0,1,1
"1",144,0,1,0,0,1,4,1,0,0,0,1,0,29,0,0,0
"1",110,0,1,0,0,1,6,0,0,0,0,1,0,18,0,1,1
"0",53,0,1,0,0,1,154,1,0,0,0,1,0,19,0,0,1
"0",112,1,0,0,0,1,1623,1,0,1,0,0,0,25,0,0,1
"0",66,1,0,0,0,0,13,1,0,0,0,1,0,23,0,0,1
"0",111,0,0,0,0,1,54,0,0,0,0,1,0,20,0,0,1
"0",112,0,0,0,0,1,-1,0,0,0,0,1,0,23,0,1,1
"0",6,0,0,1,0,0,0,1,0,0,0,1,0,22,0,0,1
"1",53,0,1,0,0,0,90,1,0,1,0,0,0,37,0,0,1
"0",108,0,0,0,0,1,-1,0,0,0,0,1,0,27,0,1,1
"1",81,0,1,0,0,1,-1,1,0,0,0,1,0,22,0,0,1
"0",117,1,0,0,0,1,-1,1,0,0,0,1,0,24,0,1,1
"0",116,0,0,0,0,1,42,1,0,0,0,0,0,21,0,0,1
"0",98,0,0,0,0,1,205,1,0,0,0,1,0,22,0,0,1
"1",126,1,0,0,0,1,-1,1,0,0,0,1,0,21,0,1,1
"1",51,0,1,0,0,0,-1,1,0,0,0,0,0,31,0,0,0
"0",126,0,1,0,0,1,3,1,0,0,0,1,0,22,0,0,1
"1",74,1,0,0,0,1,0,0,0,1,0,0,0,41,0,1,1
"0",13,0,0,1,0,0,161,1,0,1,0,0,0,29,0,0,1
"1",73,1,0,0,0,1,0,0,0,1,0,0,0,30,0,0,1
"1",150,0,1,0,0,1,-1,1,0,0,0,0,0,21,0,0,0
"0",119,0,1,0,0,1,17,0,0,0,0,1,0,22,0,0,1
"1",130,1,0,0,0,0,3,1,0,0,0,1,0,25,0,0,1
"0",97,0,0,0,0,1,712,1,0,0,0,1,0,30,0,1,1
"0",73,1,0,0,0,1,-1,0,0,1,0,0,0,21,0,0,1
"1",77,1,0,0,0,1,-1,1,0,0,0,1,0,23,0,0,1
"0",151,0,0,0,0,1,-1,1,0,0,0,1,0,20,0,1,1
"0",115,0,0,0,0,1,50,0,0,1,0,0,0,39,0,0,1
"0",3,1,0,0,0,1,721,1,0,1,0,0,0,23,0,1,1
"0",252,0,0,0,0,1,326,1,0,0,0,1,0,25,0,0,1
"0",89,1,0,0,0,1,-1,1,0,0,0,1,0,25,0,0,1
"1",75,0,1,0,0,1,-1,1,0,0,0,1,0,39,0,0,1
"0",75,1,0,0,0,1,23,1,0,0,0,1,0,24,0,0,1
"1",119,1,0,0,0,1,-1,1,0,1,0,0,0,29,0,1,1
"0",116,0,1,0,0,1,-1,1,0,0,0,1,0,20,0,1,1
"0",118,0,1,0,0,1,31,1,0,0,0,1,0,23,0,1,1
"1",24,1,0,0,0,1,434,0,0,1,0,0,0,25,0,1,0
"0",108,0,1,0,0,1,-1,1,0,0,0,1,0,23,0,0,1
"0",136,0,0,0,0,1,0,0,0,0,0,1,0,21,0,1,1
"1",90,0,1,0,0,1,2462,1,0,1,0,0,0,24,0,0,1
"0",67,0,0,0,0,1,-1,0,0,0,0,1,0,25,0,0,1
"0",69,0,1,0,0,1,13,1,0,0,0,1,0,31,0,0,1
"0",117,1,0,0,0,1,6,1,0,0,0,1,0,24,0,0,1
"1",146,0,0,0,0,0,0,1,0,1,0,0,0,43,0,0,0
"0",131,0,1,0,0,0,1687,0,0,0,0,1,0,23,0,1,1
"0",122,0,0,0,0,1,98,0,0,0,0,1,0,20,0,0,1
"0",38,0,0,0,0,1,-1,1,0,0,0,1,0,19,0,0,1
"1",80,0,0,0,0,1,6,1,0,0,0,1,0,21,0,1,1
"0",101,0,1,0,0,1,-1,1,0,0,0,1,0,27,0,0,1
"1",118,1,0,0,0,1,1623,1,0,0,0,1,0,20,0,0,1
"0",40,0,0,0,0,1,971,1,0,0,0,1,0,24,0,0,1
"0",122,0,0,0,0,1,162,1,0,0,0,1,0,31,0,1,1
"1",95,0,1,0,0,1,994,1,0,0,0,1,0,26,0,1,1
"0",117,0,0,0,0,1,-1,0,0,0,0,1,0,27,0,1,1
"1",94,0,0,0,0,1,-1,0,0,0,0,1,0,29,1,0,1
"1",112,0,1,0,0,1,2,1,0,0,0,1,0,23,0,1,1
"0",54,0,1,0,0,1,-1,1,0,0,0,1,0,20,0,0,1
"0",54,0,0,0,0,1,36,1,0,0,0,1,0,24,0,1,1
"1",150,0,0,0,0,1,740,1,0,1,0,0,0,26,0,0,0
"0",137,0,0,0,0,1,10,1,0,0,0,1,0,19,0,0,1
"0",84,0,0,0,0,0,129,1,0,0,0,1,0,32,0,1,1
"1",152,0,0,0,0,1,-96,1,0,1,0,0,0,42,0,1,1
"0",55,1,0,0,0,1,76,1,0,0,0,1,0,21,0,1,1
"0",103,0,1,0,0,1,83,1,0,0,0,1,0,23,0,0,1
"0",116,1,0,0,0,0,61,1,0,0,0,1,0,22,0,0,1
"0",76,0,1,0,0,1,2,1,0,0,0,1,0,21,0,1,1
"0",87,0,0,0,0,1,20,0,0,0,0,0,0,27,0,0,1
"1",144,0,1,0,0,1,0,1,0,0,0,1,0,23,0,0,1
"1",144,0,1,0,0,1,0,1,0,0,0,1,0,21,0,0,0
"0",119,1,0,0,0,1,-1,1,0,0,0,1,0,25,0,0,1
"1",129,1,0,0,0,1,0,1,0,0,0,1,0,21,0,0,1
"0",91,0,1,0,0,1,-1,0,0,1,0,0,0,32,0,0,1
"0",66,0,1,0,0,1,-1,1,0,0,0,1,0,20,0,0,1
"1",80,1,0,0,0,1,0,1,0,0,0,1,0,19,0,0,1
"1",124,0,1,0,0,1,-1,1,0,0,0,0,0,35,0,1,0
"1",96,1,0,0,0,0,3749,1,0,0,0,1,0,29,0,0,1
"1",89,0,0,0,0,1,884,1,0,0,0,0,0,35,0,0,1
"0",94,0,0,0,0,1,57,1,0,0,0,1,0,21,0,1,1
"0",82,0,1,0,0,1,855,1,0,1,0,0,0,21,0,0,1
"1",112,0,1,0,0,1,-1,0,0,0,0,1,0,46,0,0,1
"0",98,0,1,0,0,1,-1,1,0,0,0,1,0,20,0,1,1
"1",62,0,0,0,0,1,187,0,0,0,0,1,0,24,0,1,1
"1",115,0,0,0,0,1,20,0,0,0,0,1,0,18,0,0,1
"0",822,0,1,0,0,1,54,0,0,0,0,1,0,21,0,0,1
"1",63,1,0,0,0,1,6,1,0,1,0,0,0,47,0,1,1
"1",81,0,1,0,0,1,13,0,0,0,0,1,0,20,0,0,1
"1",129,0,0,0,0,1,38,1,0,0,0,0,0,22,0,1,1
"1",104,0,1,0,0,1,-1,0,0,0,0,1,0,22,0,1,1
"1",116,0,1,0,0,1,4,1,0,1,0,0,0,29,0,0,1
"0",54,0,0,0,0,1,9,1,0,0,0,1,0,23,0,0,1
"1",95,1,0,0,0,1,10,1,0,0,0,1,0,22,0,0,1
"0",89,0,0,0,0,1,-1,1,0,0,0,1,0,22,0,0,1
"1",105,1,0,0,0,0,-1,1,1,0,0,0,0,39,0,0,1
"1",38,0,0,0,0,0,0,1,1,0,0,0,0,42,0,0,1
"0",104,0,1,0,0,1,137,1,0,0,0,1,0,19,0,0,1
"0",104,1,0,0,0,0,699,1,0,0,0,1,0,32,0,1,1
"1",125,1,0,0,0,1,-1,1,0,0,0,1,0,20,0,1,1
"0",103,0,1,0,0,0,2000,1,0,1,0,0,0,30,0,1,1
"1",122,0,1,0,0,1,-1,1,1,0,0,0,0,35,0,0,1
"1",53,1,0,0,0,1,0,1,0,0,0,1,0,29,0,0,1
"0",41,1,0,0,0,1,193,1,0,0,0,1,0,21,0,0,1
"0",105,0,1,0,0,1,-1,1,0,0,0,1,0,20,0,0,1
"1",80,1,0,0,0,1,-1,1,0,0,0,1,0,42,0,0,1
"0",108,0,0,0,0,1,-1,0,0,0,0,1,0,19,0,0,1
"1",125,0,1,0,0,0,112,1,0,0,0,1,0,29,0,0,0
"1",109,1,0,0,0,1,-1,1,0,0,0,1,0,28,0,1,1
"1",69,0,1,0,0,1,-1,1,0,0,0,0,0,32,0,0,0
"1",53,1,0,0,0,0,92,1,0,0,0,1,0,39,0,0,1
"0",130,0,0,0,0,1,48,1,0,0,0,0,0,19,0,0,1
"1",136,0,1,0,0,1,-1,1,0,0,0,1,0,18,0,0,0
"1",62,1,0,0,0,1,5,1,0,0,0,1,0,33,0,0,1
"1",101,0,1,0,0,0,93,1,0,0,0,1,0,30,0,0,0
"1",129,0,1,0,0,0,7,1,0,1,0,0,0,38,0,0,1
"0",88,1,0,0,0,1,1346,1,0,0,0,1,0,21,0,0,1
"0",91,0,1,0,0,1,-1,1,0,1,0,0,0,22,0,0,1
"0",103,0,0,1,0,0,95,1,0,1,0,0,0,30,0,1,1
"0",26,1,0,0,0,1,-1,1,0,1,0,0,0,36,0,1,1
"1",136,0,0,1,0,0,69,1,0,0,0,1,0,21,0,0,0
"0",54,0,0,0,0,1,-1,1,0,0,0,1,0,29,0,0,1
"1",18,0,0,1,0,0,222,0,0,0,0,1,0,20,0,0,0
"1",124,0,0,0,0,1,0,1,0,0,0,1,0,21,0,0,0
"0",66,0,1,0,0,1,-1,0,0,1,0,0,0,28,1,0,1
"0",48,0,0,0,0,1,979,1,0,0,0,1,0,37,0,0,1
"1",147,0,0,0,0,1,1529,1,0,0,0,0,0,25,0,1,1
"0",47,0,0,0,0,1,-1,1,0,0,0,1,0,20,0,1,1
"0",76,0,1,0,0,1,0,1,0,0,0,1,0,22,0,0,1
"0",81,1,0,0,0,1,2009,1,0,0,0,1,0,20,0,1,1
"1",66,0,0,1,0,0,-1,0,0,0,0,1,0,20,0,1,1
"1",80,0,0,1,0,0,0,1,0,0,0,1,0,21,0,1,1
"1",84,0,0,0,0,0,-1,1,0,0,0,1,0,27,0,0,0
"1",131,0,0,0,0,1,0,1,0,0,0,1,0,22,0,1,1
"0",88,0,0,0,0,1,-1,1,0,0,0,1,0,33,0,0,1
"1",61,0,0,1,0,0,0,1,0,0,0,1,0,20,0,0,0
"1",94,0,1,0,0,1,-1,1,0,0,0,1,0,30,0,0,0
"1",68,0,0,0,0,1,783,1,1,0,0,0,0,47,0,1,1
"1",112,0,1,0,0,0,718,1,0,0,0,1,0,27,0,0,0
"1",116,0,1,0,0,1,1478,1,0,1,0,0,0,37,0,1,0
"1",54,0,0,0,0,1,14,1,0,0,0,1,0,23,0,1,1
"0",105,0,1,0,0,1,-1,1,0,0,0,1,0,27,0,0,1
"1",144,0,0,0,0,1,-1,0,0,1,0,0,0,40,0,1,1
"1",131,0,1,0,0,1,1234,1,0,0,0,1,0,25,0,1,0
"0",49,1,0,0,0,1,0,0,0,1,0,0,0,26,1,0,1
"0",24,1,0,0,0,1,-1,0,0,0,0,1,0,21,0,0,1
"1",115,0,0,0,0,1,43,1,0,0,0,1,0,27,0,0,1
"1",116,0,1,0,0,0,707,1,0,0,0,1,0,24,0,0,1
"1",62,1,0,0,0,1,0,1,0,0,0,1,0,37,0,0,1
"1",119,0,1,0,0,1,17,1,0,0,0,1,0,20,0,0,1
"1",63,1,0,0,0,1,-1,1,0,0,0,1,0,20,0,1,1
"0",97,1,0,0,0,1,46,0,0,0,0,1,0,26,0,1,1
"0",152,0,0,0,0,1,532,0,0,1,0,0,0,29,0,0,1
"1",91,1,0,0,0,1,-1,1,0,0,0,1,0,26,0,0,1
"0",95,0,1,0,0,1,-1,1,0,0,0,1,0,25,0,0,1
"0",90,0,0,0,0,1,92,1,0,0,0,1,0,20,0,0,1
"1",146,0,1,0,0,1,739,1,0,0,0,0,0,33,0,1,0
"0",116,0,1,0,0,1,-1,1,0,0,0,1,0,26,0,0,1
"0",103,0,0,0,0,0,-1,1,0,1,0,0,0,27,0,1,1
"1",83,0,0,0,0,1,102,1,0,0,0,1,0,17,0,0,1
"0",53,0,0,0,0,1,757,1,0,0,0,1,0,21,0,0,1
"0",131,0,1,0,0,1,34,1,0,0,0,1,0,18,0,0,1
"0",105,0,0,0,0,1,783,0,0,0,0,1,0,16,0,0,1
"1",70,0,0,1,0,0,91,1,1,0,0,0,0,34,0,0,0
"1",96,1,0,0,0,1,2644,1,0,0,0,1,0,22,0,1,1
"1",125,1,0,0,0,1,504,1,0,0,0,1,0,22,0,1,1
"1",74,0,1,0,0,1,-1,1,0,0,0,1,0,22,0,1,1
"1",80,0,1,0,0,0,18,1,0,0,0,1,0,27,0,0,1
"1",31,0,0,1,0,0,0,1,0,0,0,1,0,18,0,0,1
"0",76,0,0,0,0,1,1203,0,0,0,0,1,0,25,0,0,1
"1",137,0,0,1,0,0,-1,0,0,0,0,1,0,30,0,0,0
"0",83,0,0,1,0,0,50,1,0,0,0,1,0,22,0,0,1
"0",84,0,1,0,0,1,6,1,0,0,0,1,0,27,0,0,1
"0",70,1,0,0,0,1,0,1,0,0,0,1,0,22,0,0,1
"1",73,0,1,0,0,1,59,1,0,0,0,0,0,32,0,1,0
"1",75,0,1,0,0,1,1346,1,0,0,0,0,0,22,0,1,0
"1",67,0,0,1,0,0,-1,1,0,1,0,0,0,27,0,1,1
"1",48,0,1,0,0,1,-1,1,0,0,0,0,0,20,0,0,0
"1",122,1,0,0,0,1,0,1,0,0,1,0,0,21,0,0,1
"0",105,0,1,0,0,1,-1,1,0,0,0,1,0,19,0,0,1
"1",54,0,1,0,0,0,42,1,0,0,0,1,0,38,0,0,1
"1",101,0,1,0,0,1,-1,1,0,0,0,1,0,19,0,1,1
"1",46,1,0,0,0,1,0,1,0,0,0,1,0,21,0,1,1
"0",87,0,0,0,0,1,-1,1,0,1,0,0,0,40,0,1,1
"0",87,0,0,0,0,1,209,1,0,0,0,1,0,20,0,1,1
"1",130,0,0,0,0,1,55,1,0,0,0,1,0,25,0,0,1
"1",146,0,1,0,0,1,34,0,0,0,0,0,0,25,0,0,0
"1",125,0,1,0,0,1,100,1,0,0,0,1,0,29,0,0,1
"0",101,0,1,0,0,1,119,1,0,0,0,1,0,21,0,0,1
"0",108,0,0,0,0,0,2456,0,0,0,0,1,0,23,0,0,1
"0",89,0,1,0,0,1,126,0,0,0,0,1,0,23,0,0,1
"1",68,1,0,0,0,1,-1,1,0,0,0,1,0,24,0,1,1
"0",125,0,0,0,0,1,880,0,0,0,0,1,0,22,1,0,1
"0",70,1,0,0,0,1,1812,1,0,0,0,1,0,18,0,1,1
"0",74,1,0,0,0,1,-1,1,0,1,0,0,0,25,0,0,1
"0",109,0,1,0,0,1,0,1,0,0,0,1,0,24,0,0,1
"0",89,0,0,0,0,1,-1,0,0,0,1,0,0,32,1,0,1
"0",88,0,1,0,0,1,139,1,0,0,0,1,0,29,0,0,1
"1",122,1,0,0,0,1,77,0,0,1,0,0,0,20,0,0,1
"1",129,1,0,0,0,1,38,1,0,0,0,1,0,22,0,1,1
"1",66,0,1,0,0,1,-1,1,0,0,0,1,0,26,0,1,1
"0",117,0,0,0,0,1,81,1,0,0,0,1,0,21,0,0,1
"0",150,0,0,0,0,1,513,0,0,0,0,1,0,18,0,0,1
"0",89,0,1,0,0,1,-1,0,0,0,0,1,0,19,0,0,1
"1",146,0,0,0,0,1,7,1,0,1,0,0,0,29,0,0,0
"0",103,0,1,0,0,1,13,1,0,0,0,1,0,24,0,0,1
"1",65,0,1,0,0,1,-3,0,0,0,0,1,0,21,0,1,1
"0",87,0,0,0,0,1,-1,1,0,0,0,1,0,27,0,0,1
"0",69,1,0,0,0,1,1854,1,0,0,0,1,0,17,0,0,1
"0",75,0,1,0,0,1,-1,1,0,0,0,1,0,23,0,0,1
"0",73,0,1,0,0,1,-1,1,0,0,0,1,0,22,0,1,1
"1",104,0,0,0,0,1,-1,1,0,1,0,0,0,27,0,0,1
"0",68,0,0,0,0,1,118,1,0,0,0,1,0,21,0,1,1
"0",49,0,0,0,0,0,-1,0,0,0,0,1,0,24,1,1,1
"0",80,1,0,0,0,1,0,1,0,0,0,1,0,20,0,0,1
"0",112,1,0,0,0,0,-1,1,0,0,0,1,0,29,0,1,1
"0",82,0,0,0,0,1,-1,1,0,0,0,1,0,21,0,0,1
"1",52,1,0,0,0,1,-1,1,0,0,0,1,0,20,0,0,1
"1",133,1,0,0,0,1,0,1,0,0,0,1,0,22,0,0,1
"1",104,1,0,0,0,1,-1,1,0,0,0,1,0,26,0,0,1
"1",125,1,0,0,0,0,-1,1,1,0,0,0,0,31,0,1,1
"0",112,0,0,0,0,1,107,1,0,0,0,1,0,23,0,0,1
"1",145,0,0,0,0,1,34,1,0,0,0,1,0,27,0,0,1
"0",91,0,0,0,0,1,-1,1,0,0,0,1,0,25,0,0,1
"1",103,0,1,0,0,1,4,1,0,0,0,0,0,25,0,0,0
"0",96,1,0,0,0,1,2,1,0,1,0,0,0,25,0,1,1
"0",24,1,0,0,0,1,248,0,0,1,0,0,0,32,0,0,1
"1",151,0,0,0,0,1,-1,1,0,0,0,0,0,29,0,1,0
"0",125,0,0,0,0,0,24,0,0,0,0,0,0,41,0,0,1
"1",122,1,0,0,0,1,4,1,0,0,0,1,0,24,0,0,1
"1",143,0,0,0,0,1,44,1,0,0,0,1,0,24,0,0,1
"0",65,0,1,0,0,0,2964,1,0,0,0,1,0,42,0,0,1
"0",109,1,0,0,0,1,0,1,0,0,0,1,0,28,0,1,1
"0",136,0,1,0,0,1,97,1,0,0,0,1,0,26,0,0,1
"1",130,0,0,0,0,1,7,1,0,0,0,1,0,21,0,0,1
"0",397,0,0,0,0,1,0,0,0,0,0,1,0,18,0,1,1
"1",98,1,0,0,0,1,39,0,0,0,0,1,0,26,0,1,1
"1",73,0,1,0,0,1,1886,1,0,0,0,1,0,21,0,0,1
"1",116,0,1,0,0,1,61,0,0,0,0,1,0,27,0,1,1
"1",125,1,0,0,0,0,12,1,0,0,0,1,0,23,0,1,1
"1",48,1,0,0,0,0,0,1,0,0,0,1,0,28,0,0,1
"0",101,1,0,0,0,1,45,1,0,0,0,1,0,20,0,1,1
"0",68,0,0,0,0,1,0,0,0,0,0,1,0,21,0,1,1
"0",75,1,0,0,0,1,-1,1,0,0,0,1,0,22,0,1,1
"0",125,0,1,0,0,0,-1,1,0,1,0,0,0,31,0,0,1
"0",112,0,1,0,0,1,54,1,0,1,0,0,0,26,0,0,1
"0",68,0,0,1,0,0,-1,1,0,0,0,1,0,19,0,0,1
"0",109,1,0,0,0,1,27,1,0,0,0,1,0,23,0,0,1
"0",48,0,1,0,0,1,194,1,0,0,0,1,0,29,0,0,1
"1",112,1,0,0,0,1,2195,0,0,0,0,1,0,26,0,0,1
"1",108,1,0,0,0,1,-1,1,0,0,0,1,0,20,0,1,1
"1",87,0,0,0,0,1,-1,0,0,0,0,1,0,35,0,1,1
"0",110,1,0,0,0,1,-1,1,0,1,0,0,0,23,0,1,1
"0",76,0,0,0,0,0,0,1,0,0,0,1,0,35,0,1,1
"0",103,1,0,0,0,1,1407,1,0,0,0,1,0,21,0,0,1
"0",81,0,0,0,0,1,-1,1,0,0,0,1,0,19,0,1,1
"1",77,0,1,0,0,1,139,1,0,1,0,0,0,31,0,0,1
"1",110,0,1,0,0,1,-1,1,0,0,0,1,0,20,0,0,1
"0",49,1,0,0,0,1,69,1,0,0,0,1,0,20,0,0,1
"1",102,0,1,0,0,1,1374,0,0,0,0,1,0,20,0,1,0
"0",130,0,1,0,0,1,58,0,0,0,0,1,0,32,0,1,1
"0",129,0,0,0,0,1,53,0,0,0,0,1,0,24,0,0,1
"1",70,0,0,0,0,0,-1,1,0,0,0,1,0,26,0,1,1
"0",139,0,0,0,0,1,1579,1,0,0,0,1,0,20,0,0,1
"0",782,0,0,0,0,0,1293,1,0,0,0,1,0,21,0,1,1
"0",98,0,0,1,0,0,-1,0,0,0,0,1,0,33,0,1,1
"0",63,0,1,0,0,1,1,1,0,0,0,1,0,24,0,1,1
"1",62,1,0,0,0,1,1,1,0,1,0,0,0,24,0,1,1
"0",115,1,0,0,0,1,129,1,0,1,0,0,0,22,0,1,1
"0",31,0,0,1,0,0,0,0,0,0,0,1,0,26,1,0,1
"0",33,1,0,0,0,1,-1,0,0,0,0,1,0,21,0,0,1
"0",115,0,0,0,0,1,-1,1,0,0,0,1,0,27,0,0,1
"0",81,0,1,0,0,0,57,1,0,0,0,1,0,22,0,0,1
"0",118,0,0,0,0,0,1864,1,0,0,0,1,0,24,0,0,1
"1",116,0,0,0,0,0,58,0,0,0,0,1,0,23,0,0,1
"1",136,0,0,0,0,0,48,1,0,0,0,1,0,36,1,0,1
"0",54,0,1,0,0,1,723,1,0,0,0,1,0,20,0,0,1
"0",33,1,0,0,0,1,-1,1,0,0,0,1,0,21,0,0,1
"1",66,1,0,0,0,1,-1,1,1,0,0,0,0,29,0,1,1
"0",131,1,0,0,0,1,78,1,0,0,0,1,0,18,0,0,1
"1",67,0,0,0,0,1,114,1,0,0,0,1,0,18,0,0,1
"1",82,1,0,0,0,1,8,1,0,0,0,1,0,22,0,1,1
"0",154,0,1,0,0,1,4,0,0,0,0,1,0,21,0,0,1
"1",104,0,1,0,0,1,418,1,0,0,0,1,0,20,0,0,1
"0",97,1,0,0,0,1,14,1,1,0,0,0,0,31,0,1,1
"0",32,1,0,0,0,1,302,1,0,1,0,0,0,29,0,0,1
"0",75,0,1,0,0,1,0,0,0,0,0,1,0,18,0,1,1
"0",90,0,1,0,0,1,0,1,0,0,0,1,0,22,0,1,1
"0",66,0,0,0,0,1,2729,1,0,1,0,0,0,29,0,0,1
"0",101,0,0,0,0,1,0,0,0,0,0,1,0,19,0,0,1
"0",111,1,0,0,0,0,0,1,0,0,0,1,0,23,0,1,1
"1",129,0,1,0,0,1,111,1,0,0,0,1,0,22,0,1,1
"1",143,0,0,0,0,1,-1,1,0,0,0,1,0,29,0,0,1
"0",97,0,0,0,0,1,54,1,0,0,0,1,0,23,0,0,1
"0",98,1,0,0,0,1,-1,1,0,1,0,0,0,40,0,0,1
"1",89,0,1,0,0,1,626,0,0,0,1,0,0,56,0,0,1
"0",69,0,1,0,0,1,0,1,0,0,0,1,0,33,0,0,1
"1",52,0,1,0,0,1,-1,1,0,0,0,1,0,23,0,1,1
"0",38,0,0,1,0,0,49,1,0,0,0,1,0,27,0,0,1
"1",109,0,0,0,0,0,168,1,0,1,0,0,0,34,0,0,1
"1",53,0,1,0,0,1,-1,0,0,0,0,1,0,22,0,0,1
"1",110,0,1,0,0,1,-1,1,0,1,0,0,0,26,0,0,1
"1",67,0,0,0,0,0,271,1,0,0,0,1,0,44,0,0,0
"0",102,1,0,0,0,1,-1,1,0,0,0,1,0,30,0,0,1
"0",130,0,1,0,0,1,0,1,0,0,0,1,0,21,0,1,1
"1",49,1,0,0,0,1,6,1,0,0,0,1,0,23,0,0,1
"0",131,0,1,0,0,0,230,0,0,0,0,1,0,32,0,0,1
"1",112,1,0,0,0,1,7,1,0,0,0,1,0,23,0,0,1
"0",49,0,0,0,0,1,-1,1,0,1,0,0,0,33,0,0,1
"1",96,1,0,0,0,1,6,1,0,1,0,0,0,25,0,1,1
"0",122,0,1,0,0,0,1339,1,0,1,0,0,0,26,0,0,1
"0",48,0,0,0,0,0,32,1,0,0,0,1,0,24,0,1,1
"0",112,0,0,0,0,0,1392,1,0,0,0,1,0,41,0,1,1
"0",69,0,1,0,0,1,-1,1,1,0,0,0,0,34,1,0,1
"0",63,0,1,0,0,1,-1,1,0,0,0,1,0,23,0,0,1
"0",67,1,0,0,0,0,660,1,0,0,0,1,0,25,0,1,1
"1",102,1,0,0,0,0,226,1,0,1,0,0,0,31,0,0,1
"1",48,0,0,0,0,1,1929,0,0,0,0,0,0,27,0,1,0
"0",95,0,0,0,0,1,0,1,0,0,0,1,0,30,1,0,1
"0",132,0,1,0,0,1,-1,0,0,0,0,1,0,18,0,0,1
"0",115,0,0,0,0,1,27,1,0,0,0,1,0,31,0,0,1
"0",125,0,0,0,0,1,482,1,0,0,0,1,0,32,0,1,1
"1",62,0,1,0,0,1,63,1,0,0,0,1,0,30,0,0,1
"0",47,0,1,0,0,1,394,1,0,0,0,1,0,21,0,1,1
"1",96,1,0,0,0,1,79,1,0,0,0,1,0,22,0,1,1
"0",117,0,0,0,0,1,-6,1,0,0,0,1,0,24,0,0,1
"1",115,0,1,0,0,1,6,1,0,1,0,0,0,24,0,0,1
"0",103,1,0,0,0,1,744,1,0,0,0,1,0,31,1,0,1
"1",129,0,0,0,0,1,-1,0,1,0,0,0,0,30,1,1,0
"1",75,0,0,0,0,0,404,1,0,0,0,1,0,25,0,0,0
"1",102,1,0,0,0,1,84,1,1,0,0,0,0,26,0,1,1
"0",143,0,1,0,0,1,5,1,0,0,0,1,0,28,0,0,1
"1",67,0,1,0,0,1,833,1,0,0,0,1,0,21,0,0,1
"1",102,0,1,0,0,0,112,1,0,1,0,0,0,29,0,1,1
"1",98,0,1,0,0,1,-1,0,0,0,0,1,0,24,0,0,1
"0",115,0,1,0,0,0,735,1,0,1,0,0,0,27,0,0,1
"1",33,0,0,1,0,0,-1,1,0,0,0,1,0,28,0,1,1
"0",94,0,0,0,0,1,-1,0,0,0,0,1,0,21,0,0,1
"0",46,0,0,0,0,1,584,1,0,0,0,1,0,28,0,0,1
"0",136,0,1,0,0,1,384,1,0,0,0,1,0,20,0,0,1
"0",76,1,0,0,0,1,69,1,0,0,0,1,0,23,0,1,1
"0",146,0,1,0,0,1,28,1,0,0,0,1,0,26,0,0,1
"0",63,0,1,0,0,1,805,1,0,0,0,1,0,23,0,1,1
"0",66,1,0,0,0,0,-1,1,0,0,0,1,0,25,0,0,1
"1",54,0,0,0,0,1,11,1,0,0,0,1,0,40,0,0,1
"0",63,0,1,0,0,1,-1,1,0,0,0,1,0,21,0,0,1
"0",98,0,1,0,0,1,892,1,0,0,0,1,0,23,0,0,1
"1",87,1,0,0,0,1,-1,0,0,0,0,1,0,27,0,1,1
"1",53,0,0,0,0,1,-1,1,0,0,0,1,0,26,0,0,1
"1",49,1,0,0,0,1,-1,1,0,1,0,0,0,32,0,1,1
"1",96,0,1,0,0,1,-1,1,0,0,0,1,0,22,0,0,1
"0",26,0,0,1,0,0,-1,1,0,1,0,0,0,27,0,1,1
"0",133,0,0,0,0,1,174,1,0,0,0,1,0,19,0,0,1
"1",47,0,0,0,0,1,259,0,0,1,0,0,0,45,0,0,1
"0",62,0,0,0,0,1,0,1,0,0,0,1,0,31,0,0,1
"0",61,1,0,0,0,1,104,1,0,0,0,1,0,22,0,0,1
"1",76,0,0,0,0,1,-1,1,0,1,0,0,0,35,0,1,1
"1",130,0,1,0,0,1,0,1,0,0,0,1,0,25,0,1,1
"0",131,0,0,0,0,1,119,1,0,1,0,0,0,21,0,1,1
"0",90,0,1,0,0,1,237,0,0,0,0,0,0,23,0,0,1
"1",55,1,0,0,0,0,0,1,0,1,0,0,0,36,0,0,1
"0",108,0,1,0,0,1,37,1,0,0,0,1,0,23,0,0,1
"1",126,1,0,0,0,1,25,0,0,0,0,1,0,21,1,1,1
"0",90,1,0,0,0,1,-1,0,0,0,0,1,0,24,0,1,1
"0",53,0,1,0,0,1,751,1,0,1,0,0,0,32,0,0,1
"1",129,0,0,0,0,1,0,0,0,0,0,1,0,25,0,0,1
"0",94,0,0,0,0,1,-1,0,0,0,0,1,0,21,0,0,1
"1",66,0,0,0,0,1,-1,1,1,0,0,0,0,27,0,0,1
"1",48,0,1,0,0,1,789,1,0,1,0,0,0,30,0,0,1
"1",94,0,1,0,0,1,-1,1,0,0,0,1,0,19,0,0,0
"0",74,1,0,0,0,1,-1,1,0,0,0,1,0,32,0,1,1
"1",81,0,1,0,0,1,328,1,0,0,0,1,0,21,0,0,1
"0",101,0,0,0,0,1,129,1,0,0,0,1,0,27,0,0,1
"0",83,0,1,0,0,1,208,1,0,0,0,1,0,22,0,1,1
"0",109,0,1,0,0,1,40,1,0,0,0,1,0,20,0,0,1
"1",154,0,0,0,0,1,-1,1,0,0,0,1,0,20,0,0,0
"0",39,1,0,0,0,1,0,1,0,0,0,1,0,22,0,0,1
"1",123,1,0,0,0,1,7,1,0,0,0,1,0,23,0,0,1
"0",109,0,1,0,0,1,197,1,0,0,0,1,0,21,0,0,1
"0",98,0,0,0,0,1,47,1,0,0,0,0,0,23,0,0,1
"0",123,0,1,0,0,1,4,1,0,0,0,1,0,18,0,1,1
"0",734,0,0,0,0,0,231,1,0,1,0,0,0,40,0,0,1
"1",104,0,1,0,0,1,-1,1,0,0,0,1,0,23,0,0,1
"0",122,0,1,0,0,1,919,1,0,0,0,1,0,21,0,1,1
"1",27,0,0,0,0,1,10,1,1,0,0,0,0,27,0,0,0
"1",130,0,1,0,0,1,0,1,0,0,0,1,0,25,0,1,1
"0",52,0,0,0,0,1,-1,1,0,0,0,1,0,20,0,0,1
"1",94,0,0,0,0,1,0,1,0,0,0,1,0,27,0,1,1
"1",69,1,0,0,0,1,1831,1,0,0,0,1,0,20,0,1,1
"1",130,1,0,0,0,1,57,0,0,0,0,1,0,24,0,0,1
"0",91,0,0,0,0,1,375,1,0,0,0,1,0,20,0,0,1
"0",119,0,0,0,0,1,41,1,0,0,0,1,0,34,0,0,1
"1",109,0,1,0,0,1,0,1,0,0,0,1,0,18,0,0,1
"1",70,1,0,0,0,1,-1,1,0,0,0,1,0,28,0,1,1
"1",81,0,1,0,0,1,-1,1,0,1,0,0,0,21,0,1,0
"0",47,1,0,0,0,1,0,1,0,0,0,1,0,26,0,1,1
"0",118,1,0,0,0,0,2091,1,1,0,0,0,0,24,0,1,1
"0",108,0,1,0,0,1,104,1,0,0,0,1,0,26,0,0,1
"1",35,1,0,0,0,0,3302,1,1,0,0,0,0,31,0,1,1
"0",66,0,0,0,0,1,0,0,0,0,0,1,0,23,0,1,1
"1",77,1,0,0,0,1,0,1,0,0,0,1,0,22,0,0,1
"1",109,0,0,0,0,1,736,1,0,0,0,0,0,18,0,0,1
"1",101,0,0,0,0,1,-1,1,0,0,0,1,0,22,0,0,1
"1",70,0,1,0,0,1,143,0,0,0,0,1,0,27,0,0,1
"1",109,0,0,0,0,1,-1,1,0,0,0,1,0,29,0,0,1
"0",80,0,0,0,0,1,-1,1,0,0,0,1,0,21,0,0,1
"0",130,0,1,0,0,1,-1,1,0,0,0,1,0,22,0,0,1
"1",81,0,1,0,0,0,1513,0,0,1,0,0,0,25,0,0,0
"1",103,0,1,0,0,0,896,1,0,0,0,1,0,40,0,0,0
"0",131,0,1,0,0,1,-1,1,0,0,0,1,0,20,0,0,1
"1",88,0,0,0,0,1,0,1,0,1,0,0,0,29,0,0,1
"0",80,0,1,0,0,1,-1,1,0,0,0,0,0,20,0,0,1
"0",131,0,0,0,0,1,79,1,0,0,0,1,0,24,0,0,1
"1",104,1,0,0,0,1,-1,1,0,0,0,1,0,22,0,1,1
"1",76,0,1,0,0,1,-1,1,0,0,0,1,0,28,0,0,1
"0",81,0,1,0,0,1,-1,0,0,0,0,1,0,25,0,0,1
"0",83,0,0,0,0,1,2488,1,0,0,0,1,0,23,0,0,1
"0",112,0,0,0,0,0,-1,1,0,0,0,1,0,26,0,0,1
"0",126,0,0,0,0,1,20,1,0,1,0,0,0,30,0,0,1
"1",54,0,0,0,0,1,2417,0,0,0,0,1,0,24,0,0,1
"0",119,0,0,0,0,1,-1,1,0,0,0,1,0,25,0,0,1
"1",131,0,1,0,0,1,158,1,0,0,0,1,0,24,0,0,1
"1",74,0,0,0,0,1,-1,1,0,1,0,0,0,35,0,1,1
"1",52,0,0,0,0,1,11,1,0,0,0,1,0,21,0,1,1
"0",35,0,0,0,0,1,1504,1,0,1,0,0,0,23,0,0,1
"1",91,1,0,0,0,1,356,1,0,0,0,1,0,23,0,0,1
"0",94,0,0,0,0,1,398,1,0,0,0,1,0,32,0,0,1
"1",117,0,1,0,0,1,0,0,0,0,0,1,0,20,0,0,1
"1",61,0,1,0,0,1,-1,1,0,0,0,0,0,25,0,0,0
"1",53,0,0,0,0,1,-1,0,0,0,0,1,0,24,0,1,0
"1",52,0,0,0,0,1,-1,1,0,0,0,1,0,21,0,1,1
"0",112,1,0,0,0,1,11,1,0,0,0,1,0,24,0,1,1
"1",81,0,1,0,0,1,505,1,0,0,0,0,0,21,0,0,1
"0",132,0,0,0,0,1,0,1,0,0,0,0,0,22,0,0,1
"0",38,0,0,0,0,1,111,0,1,0,0,0,0,29,1,0,1
"0",81,0,0,0,0,1,-1,0,0,0,0,1,0,27,0,1,1
"1",67,0,0,0,0,1,924,1,0,0,0,1,0,21,0,1,1
"1",33,1,0,0,0,1,-1,1,0,1,0,0,0,29,0,0,1
"1",123,0,1,0,0,1,-1,1,0,0,0,1,0,19,0,0,1
"1",98,1,0,0,0,1,2,1,0,0,1,0,0,30,0,1,1
"1",83,0,1,0,0,1,2197,1,0,0,0,1,0,22,0,0,1
"1",101,0,0,0,0,1,58,1,0,0,0,1,0,28,0,1,1
"1",81,0,0,0,0,1,6,1,0,0,0,1,0,26,0,0,1
"0",125,0,0,0,0,1,32,0,0,0,0,0,0,24,0,0,1
"0",70,1,0,0,0,1,-1,0,0,0,0,1,0,19,0,0,1
"0",110,1,0,0,0,1,237,1,0,0,0,1,0,25,0,1,1
"0",117,0,0,0,0,1,67,1,0,0,0,1,0,20,0,1,1
"1",88,0,0,0,0,1,-1,0,0,0,0,1,0,24,0,1,1
"1",153,0,1,0,0,1,0,1,0,1,0,0,0,41,0,0,0
"1",55,1,0,0,0,1,0,0,0,0,0,1,0,20,0,0,1
"0",67,0,1,0,0,1,0,1,0,0,0,1,0,20,0,0,1
"1",153,0,1,0,0,1,-1,0,0,0,0,1,0,30,0,0,1
"1",111,0,1,0,0,1,1295,1,0,0,0,1,0,20,0,0,1
"1",125,0,1,0,0,1,-1,1,0,0,0,1,0,20,0,0,1
"0",87,0,0,0,0,1,-1,1,0,0,0,1,0,25,0,0,1
"1",42,1,0,0,0,1,-1,1,0,0,1,0,0,35,0,0,1
"0",125,0,0,0,0,1,7,0,0,0,0,1,0,22,1,0,1
"0",231,0,1,0,0,1,593,1,0,1,0,0,0,31,0,0,1
"0",115,0,1,0,0,1,1151,1,0,0,0,1,0,18,0,1,1
"0",122,0,1,0,0,1,351,1,0,0,0,1,0,19,0,0,1
"0",124,0,1,0,0,1,44,1,1,0,0,0,0,38,0,1,1
"0",41,0,0,0,0,0,123,1,0,1,0,0,0,33,0,0,1
"1",83,0,1,0,0,1,110,1,0,0,0,1,0,24,0,0,1
"0",122,0,1,0,0,1,691,0,0,1,0,0,0,22,1,1,1
"0",108,0,0,0,0,1,17,1,0,0,0,1,0,22,0,1,1
"1",158,0,0,1,0,0,-1,1,0,0,0,1,0,31,0,0,1
"0",132,0,1,0,0,1,19,1,0,0,0,1,0,20,0,0,1
"0",90,0,1,0,0,1,70,0,0,0,0,1,0,24,0,1,1
"1",20,1,0,0,0,1,5,0,0,0,0,1,0,27,0,1,1
"0",125,0,1,0,0,1,6,1,0,0,0,1,0,17,0,0,1
"1",91,0,1,0,0,1,2,1,1,0,0,0,0,60,0,0,1
"1",52,0,1,0,0,1,-1,1,0,0,0,0,0,25,0,1,0
"0",63,0,0,0,0,1,-1,0,0,1,0,0,0,29,0,0,1
"1",115,0,1,0,0,1,69,1,0,0,0,1,0,24,0,1,1
"1",87,0,1,0,0,1,-1,1,0,1,0,0,0,29,0,0,1
"1",103,0,1,0,0,1,889,0,0,0,0,1,0,20,0,0,0
"1",132,0,1,0,0,1,0,1,0,0,0,1,0,45,0,0,1
"0",34,0,0,1,0,0,0,1,0,0,0,1,0,25,1,1,1
"1",80,1,0,0,0,1,-1,1,0,0,0,1,0,19,0,1,1
"0",46,0,0,0,0,1,1811,0,0,0,0,1,0,22,0,0,1
"0",133,0,0,0,0,1,1027,1,0,0,0,1,0,26,0,0,1
"0",77,0,0,0,0,0,1700,1,0,0,0,1,0,19,0,0,1
"0",77,0,0,0,0,1,3376,1,0,0,0,1,0,31,0,1,1
"1",61,0,0,0,0,1,0,1,0,0,0,1,0,24,0,0,1
"1",131,0,1,0,0,1,-1,1,0,0,0,1,0,19,0,1,1
"0",87,0,1,0,0,1,3,1,0,0,0,1,0,43,0,0,1
"0",115,0,1,0,0,1,55,1,0,0,0,1,0,34,0,0,1
"1",96,0,1,0,0,1,405,1,0,0,0,1,0,38,0,1,1
"0",84,0,1,0,0,1,345,1,0,0,0,1,0,23,0,0,1
"1",87,0,0,0,0,0,765,1,1,0,0,0,0,32,0,1,0
"1",130,1,0,0,0,1,0,1,0,0,0,1,0,29,0,0,1
"1",76,0,0,0,0,1,0,1,0,1,0,0,0,25,1,0,1
"1",49,1,0,0,0,1,4,1,0,0,0,1,0,23,0,1,1
"1",125,0,0,0,0,1,-1,0,0,0,0,1,0,20,0,0,0
"1",55,0,1,0,0,1,-1,1,0,0,0,1,0,24,0,1,1
"0",111,0,1,0,0,1,102,1,0,1,0,0,0,31,0,0,1
"1",125,0,0,0,0,1,161,1,0,1,0,0,0,30,0,0,1
"1",56,0,1,0,0,1,1854,0,0,0,0,1,0,20,0,0,1
"1",143,0,1,0,0,1,6,0,0,0,0,1,0,30,0,0,1
"0",101,0,0,1,0,0,-1,1,1,0,0,0,0,25,1,0,1
"0",129,1,0,0,0,1,21,1,0,0,0,1,0,20,0,1,1
"0",24,0,0,1,0,0,0,1,0,0,0,1,0,21,0,1,1
"1",67,0,1,0,0,0,237,1,0,0,0,1,0,40,0,0,1
"0",81,0,1,0,0,1,7,1,0,0,0,1,0,26,0,0,1
"0",75,0,0,0,0,1,-1,1,0,0,0,1,0,19,0,1,1
"1",136,0,0,0,0,1,45,0,0,0,0,1,0,27,0,0,1
"1",89,0,1,0,0,1,85,1,0,1,0,0,0,29,0,0,1
"1",123,1,0,0,0,1,232,1,1,0,0,0,0,58,0,0,1
"0",116,0,0,0,0,1,474,0,0,0,0,1,0,26,0,0,1
"0",68,0,0,0,0,1,193,1,0,0,0,1,0,27,0,0,1
"0",143,0,1,0,0,1,6,1,0,0,0,1,0,25,0,0,1
"0",95,0,1,0,0,1,492,1,0,0,0,1,0,23,0,1,1
"1",129,1,0,0,0,0,153,1,0,0,0,1,0,33,0,0,1
"0",101,0,1,0,0,1,374,1,0,0,0,1,0,21,0,0,1
"1",133,1,0,0,0,1,0,1,0,0,0,1,0,25,0,1,1
"0",80,0,0,0,0,1,-1,1,0,0,0,1,0,37,1,1,1
"1",131,0,0,0,0,1,6,1,0,0,0,1,0,23,0,0,1
"0",70,0,1,0,0,1,-1,1,0,0,0,1,0,20,0,0,1
"1",103,0,1,0,0,1,-1,1,0,0,0,1,0,26,0,1,0
"0",104,1,0,0,0,1,2,1,0,0,0,1,0,26,0,1,1
"0",126,0,0,0,0,1,629,1,0,1,0,0,0,33,0,1,1
"1",95,1,0,0,0,1,56,1,0,0,0,1,0,24,0,0,1
"0",108,0,0,0,0,1,-1,1,0,0,0,1,0,25,0,0,1
"0",75,0,1,0,0,1,731,1,0,0,0,1,0,27,0,1,1
"0",61,0,0,0,0,1,0,1,0,0,0,1,0,21,0,0,1
"0",101,0,1,0,0,0,2473,1,0,0,0,1,0,21,0,0,1
"0",178,0,1,0,0,1,1098,1,0,0,0,1,0,21,0,0,1
"1",69,1,0,0,0,1,15,1,0,0,0,1,0,24,0,1,1
"0",132,1,0,0,0,0,968,1,0,0,0,1,0,21,0,1,1
"1",95,0,0,0,0,1,6,1,0,0,0,1,0,21,0,0,1
"0",96,0,0,0,0,1,146,0,0,1,0,0,0,35,1,1,1
"0",19,1,0,0,0,1,-1,1,0,0,0,1,0,24,0,1,1
"0",104,0,1,0,0,1,26,0,0,0,0,1,0,19,0,0,1
"0",110,1,0,0,0,1,-1,1,0,0,0,1,0,21,0,1,1
"1",111,0,1,0,0,0,-1,1,0,0,0,1,0,24,0,0,0
"1",80,0,1,0,0,1,-1,0,0,0,0,1,0,22,0,1,1
"0",20,0,0,0,0,1,5,0,0,0,0,1,0,20,0,0,1
"0",62,0,1,0,0,1,-1,1,0,0,0,1,0,26,0,1,1
"0",49,0,0,0,0,1,-1,1,0,0,0,1,0,22,0,0,1
"1",153,0,1,0,0,1,55,1,0,0,0,1,0,24,0,0,1
"1",82,0,1,0,0,1,4,0,0,0,0,1,0,24,0,0,1
"0",91,0,1,0,0,1,845,1,0,0,0,1,0,23,0,0,1
"0",88,0,1,0,0,1,103,1,0,0,0,1,0,24,0,1,1
"1",115,0,0,0,0,1,-1,1,0,0,0,1,0,28,0,0,1
"1",122,0,0,0,0,1,938,1,0,0,0,1,0,28,0,1,1
"0",34,1,0,0,0,1,-1,1,0,1,0,0,0,25,0,0,1
"0",90,1,0,0,0,1,1022,0,0,0,0,1,0,22,0,1,1
"0",42,1,0,0,0,1,5,0,1,0,0,0,0,29,1,1,1
"0",38,0,0,0,0,1,37,0,0,0,0,1,0,21,0,0,1
"1",126,0,1,0,0,1,0,1,0,1,0,0,0,35,0,1,1
"0",67,0,1,0,0,1,-1,1,0,1,0,0,0,40,0,0,1
"0",109,0,1,0,0,1,90,1,0,0,0,1,0,20,0,0,0
"1",88,0,0,0,0,1,2,1,0,0,0,1,0,20,0,0,1
"1",98,0,1,0,0,1,122,1,0,0,0,1,0,19,0,0,1
"1",90,0,1,0,0,0,1721,1,0,0,0,1,0,21,0,1,1
"0",53,1,0,0,0,1,42,1,0,0,0,1,0,21,0,1,1
"0",80,0,0,0,0,1,-1,0,0,0,0,1,0,26,0,0,1
"0",116,0,0,0,0,1,-132,1,0,1,0,0,0,26,0,1,1
"0",83,1,0,0,0,0,-1,1,0,0,0,1,0,23,0,1,1
"1",88,0,0,0,0,1,79,0,0,0,0,0,0,22,0,0,1
"0",69,0,1,0,0,0,5,1,0,0,0,1,0,22,0,0,1
"0",105,0,1,0,0,1,321,1,0,1,0,0,0,35,0,0,1
"1",104,1,0,0,0,1,390,1,0,1,0,0,0,45,0,0,0
"0",61,0,1,0,0,1,-1,0,0,0,0,1,0,37,0,1,1
"0",126,0,1,0,0,1,2,0,0,0,0,1,0,21,0,1,1
"0",24,1,0,0,0,1,0,1,0,1,0,0,0,28,0,0,1
"0",126,0,0,0,0,1,-23,0,0,0,0,0,0,23,0,0,1
"1",138,0,1,0,0,1,-1,1,0,0,0,1,0,24,0,0,1
"0",123,0,0,0,0,1,914,1,0,1,0,0,0,30,0,0,1
"0",131,0,0,0,0,1,81,1,0,0,0,1,0,25,0,1,1
"0",89,0,0,0,0,0,1389,0,0,1,0,0,0,26,0,0,1
"1",109,0,1,0,0,1,37,1,0,0,0,1,0,23,0,0,1
"0",88,0,0,0,0,1,3,1,0,0,0,1,0,30,0,0,1
"0",56,0,0,0,0,1,-1,1,0,0,0,1,0,18,0,0,1
"1",63,1,0,0,0,1,39,1,0,0,0,1,0,24,0,0,1
"0",62,0,0,1,0,0,0,1,0,0,0,1,0,32,0,0,1
"1",25,0,0,0,0,0,967,1,0,0,0,1,0,33,0,0,0
"1",112,0,1,0,0,1,-1,1,0,0,0,0,0,23,0,1,0
"0",83,0,0,0,0,1,0,1,0,0,0,1,0,21,0,0,1
"1",137,0,1,0,0,0,0,0,0,0,0,1,0,45,0,0,1
"0",88,0,1,0,0,0,29,1,0,0,0,1,0,27,0,1,1
"0",129,1,0,0,0,0,3,0,0,1,0,0,0,39,0,1,1
"0",69,1,0,0,0,0,2230,1,0,0,0,1,0,19,0,1,1
"1",118,0,1,0,0,1,1,1,1,0,0,0,0,34,0,0,1
"1",54,1,0,0,0,1,6,0,0,0,0,1,0,23,0,0,1
"1",119,0,1,0,0,1,-1,0,0,0,0,0,0,36,1,0,0
"1",123,1,0,0,0,1,-1,1,0,0,0,1,0,20,0,0,1
"0",125,0,0,0,0,1,18,1,0,0,0,0,0,24,0,0,1
"0",38,0,0,1,0,0,-1,1,0,0,0,1,0,19,0,0,1
"0",53,0,0,0,0,1,-1,1,0,0,0,1,0,20,0,0,1
"0",131,1,0,0,0,1,0,1,0,0,0,1,0,19,0,0,1
"0",131,0,1,0,0,0,2,1,0,0,0,1,0,32,0,0,1
"1",81,0,1,0,0,1,877,1,0,0,0,1,0,25,0,1,1
"1",115,0,1,0,0,1,927,1,0,0,0,0,0,23,0,0,0
"0",110,0,0,0,0,1,43,1,0,0,0,0,0,20,0,0,1
"1",105,1,0,0,0,1,-1,1,0,1,0,0,0,30,0,1,1
"0",91,0,0,0,0,1,-1,0,0,0,0,1,0,23,0,0,1
"0",80,1,0,0,0,0,2697,1,0,0,0,1,0,22,0,1,1
"0",40,0,0,0,0,0,948,1,0,0,0,1,0,24,0,0,1
"1",147,0,0,0,0,1,0,0,0,0,0,0,0,22,1,1,1
"1",97,0,0,1,0,0,-1,1,0,0,0,1,0,20,0,1,1
"1",80,0,0,0,0,1,0,1,0,0,0,1,0,29,0,1,1
"1",102,0,1,0,0,1,-1,1,0,0,0,0,0,20,0,0,0
"0",31,1,0,0,0,1,139,1,0,0,0,1,0,24,0,1,1
"0",73,0,0,0,0,1,13,1,0,1,0,0,0,29,0,0,1
"0",117,0,0,0,0,1,104,1,0,0,0,0,0,18,0,0,1
"0",115,0,1,0,0,0,-1,0,0,0,0,1,0,26,0,0,1
"0",776,0,0,0,0,1,209,1,0,0,0,1,0,25,0,0,1
"1",56,1,0,0,0,1,0,1,1,0,0,0,0,38,0,0,1
"1",124,1,0,0,0,1,-1,0,0,0,0,1,0,29,0,0,1
"1",63,0,1,0,0,1,-1,1,0,0,0,1,0,20,0,0,1
"1",42,0,0,0,0,1,1613,1,1,0,0,0,0,27,0,0,1
"0",119,0,1,0,0,1,0,1,0,0,0,1,0,22,0,1,1
"1",94,0,1,0,0,1,-1,1,0,0,0,0,0,28,0,1,0
"0",81,0,1,0,0,1,145,1,0,0,0,1,0,20,0,1,1
"0",41,0,0,0,0,1,8,1,0,0,0,1,0,32,0,0,1
"0",103,1,0,0,0,0,-1,1,0,1,0,0,0,29,0,1,1
"1",95,0,1,0,0,0,395,1,0,0,0,1,0,36,0,0,1
"0",406,0,0,0,0,1,95,1,0,1,0,0,0,27,0,1,1
"0",1245,0,0,0,1,0,581,1,0,1,0,0,0,21,0,0,1
"1",105,0,1,0,0,1,-1,1,0,0,0,0,0,21,0,0,0
"0",41,1,0,0,0,1,-1,1,0,0,0,1,0,20,0,0,1
"1",69,1,0,0,0,1,-1,0,0,0,0,1,0,50,0,0,1
"0",97,0,1,0,0,1,118,1,0,0,0,1,0,26,0,0,1
"1",68,0,1,0,0,1,5,1,0,1,0,0,0,33,0,0,1
"0",109,0,1,0,0,1,40,1,0,0,0,1,0,21,0,1,1
"1",122,0,1,0,0,1,697,1,0,0,0,1,0,23,0,1,1
"1",77,0,1,0,0,1,-1,1,0,0,0,1,0,20,0,0,1
"1",56,0,1,0,0,1,289,1,0,0,0,1,0,21,0,0,0
"0",96,0,1,0,0,0,2773,1,0,0,0,1,0,21,0,0,1
"0",90,0,1,0,0,1,595,1,0,0,0,1,0,27,0,0,1
"0",80,0,1,0,0,0,202,1,0,0,0,1,0,26,0,0,1
"1",111,0,0,0,0,0,4,1,0,0,1,0,0,36,0,0,1
"0",892,0,1,0,0,1,48,0,0,0,0,1,0,26,0,0,1
"0",105,0,1,0,0,0,101,0,0,0,0,1,0,26,0,0,1
"1",118,0,0,0,0,1,245,1,0,0,0,1,0,23,0,1,1
"1",108,0,1,0,0,1,-1,1,0,0,0,1,0,21,0,1,1
"1",77,1,0,0,0,1,903,1,0,0,0,1,0,18,0,0,1
"1",105,0,0,0,0,1,-1,1,0,0,0,1,0,21,0,0,1
"1",124,0,1,0,0,0,-1,1,0,1,0,0,0,27,0,1,0
"1",96,0,1,0,0,1,43,1,0,0,0,1,0,19,0,0,1
"1",76,0,0,0,0,1,0,1,0,0,0,1,0,28,0,0,1
"1",131,0,0,0,0,0,2,1,0,0,0,1,0,25,0,0,1
"1",154,0,0,0,0,1,644,1,0,0,0,1,0,29,0,1,0
"1",132,0,1,0,0,0,776,0,0,1,0,0,0,27,0,0,1
"0",25,0,0,0,0,1,125,1,0,0,0,1,0,21,0,0,1
"0",97,0,1,0,0,1,0,0,0,1,0,0,0,30,0,0,1
"0",66,1,0,0,0,1,-1,1,0,0,0,1,0,40,0,0,1
"0",67,0,1,0,0,1,-2,1,0,0,0,1,0,27,0,1,1
"1",98,0,1,0,0,0,-1,1,0,1,0,0,0,49,0,0,1
"0",68,0,1,0,0,1,1,1,0,0,0,1,0,19,0,0,1
"0",82,0,1,0,0,1,-1,1,0,1,0,0,0,31,0,0,1
"1",125,0,0,0,0,1,0,1,0,0,1,0,0,23,0,1,1
"0",109,0,0,0,0,1,-1,0,0,0,0,1,0,20,0,0,1
"1",153,0,0,1,0,0,11,1,0,0,0,0,0,24,0,0,0
"0",97,0,0,0,0,1,158,0,0,0,0,0,0,19,0,0,1
"1",118,0,1,0,0,1,1,1,0,1,0,0,0,23,0,1,1
"1",122,0,1,0,0,0,5,1,0,0,0,0,0,27,0,1,0
"1",80,1,0,0,0,0,-1,1,0,0,0,1,0,25,0,0,1
"1",116,1,0,0,0,1,-1,1,0,0,0,1,0,23,0,1,1
"1",54,0,1,0,0,1,-1,1,0,0,0,0,0,21,0,1,0
"1",108,0,1,0,0,1,322,1,0,0,0,1,0,26,0,0,1
"0",108,0,0,0,0,1,1296,0,0,0,0,1,0,17,0,0,1
"0",94,0,1,0,0,1,72,1,0,0,0,1,0,20,0,0,1
"1",87,1,0,0,0,0,269,1,0,0,0,1,0,26,0,1,1
"0",108,0,0,0,0,1,-1,0,0,0,0,1,0,22,0,0,1
"0",68,1,0,0,0,1,-1,1,0,0,0,1,0,22,0,0,1
"0",101,0,0,0,0,0,2107,1,0,1,0,0,0,56,0,0,1
"0",70,0,1,0,0,0,245,1,0,0,0,1,0,34,0,1,1
"0",588,0,0,0,0,1,-1,1,0,0,0,1,0,17,0,0,1
"0",105,1,0,0,0,1,-1,0,0,0,0,1,0,31,0,0,1
"0",112,1,0,0,0,0,82,1,0,0,0,1,0,25,0,0,1
"0",87,0,1,0,0,0,882,0,0,0,0,1,0,27,0,0,1
"1",115,0,1,0,0,1,905,1,0,1,0,0,0,25,0,0,1
"1",53,1,0,0,0,1,0,1,0,0,0,1,0,19,0,1,1
"1",39,1,0,0,0,1,-1,1,0,0,0,1,0,34,0,0,1
"0",131,0,1,0,0,1,1319,1,0,1,0,0,0,30,0,0,1
"0",116,0,1,0,0,1,0,1,0,0,0,1,0,22,0,0,1
"0",26,0,0,1,0,0,-1,1,0,0,0,1,0,22,0,1,1
"1",91,0,1,0,0,1,19,1,0,0,0,0,0,20,0,1,0
"0",73,0,0,0,0,1,-1,1,0,1,0,0,0,31,1,0,1
"1",48,0,0,0,0,1,7,1,0,0,0,1,0,24,0,0,1
"0",895,0,1,0,0,1,28,1,0,0,0,1,0,19,0,0,1
"1",19,1,0,0,0,1,-1,0,0,0,0,1,0,20,0,0,1
"0",957,0,0,0,0,1,37,1,0,0,0,1,0,20,0,1,1
"1",96,0,1,0,0,1,-1,1,0,1,0,0,0,33,0,0,1
"1",138,1,0,0,0,1,-1,1,0,0,0,1,0,22,0,1,1
"1",68,0,1,0,0,1,-1,1,0,0,0,1,0,20,0,0,1
"1",63,0,0,0,0,1,32,1,0,0,0,1,0,21,0,1,1
"0",110,1,0,0,0,0,114,1,0,0,0,1,0,41,0,0,1
"0",66,0,1,0,0,1,807,1,0,0,0,1,0,21,0,1,1
"0",132,0,1,0,0,1,770,1,0,1,0,0,0,33,0,0,1
"0",56,1,0,0,0,0,9,1,0,0,0,1,0,23,0,0,1
"1",109,0,0,0,0,1,-1,1,0,0,0,1,0,23,0,0,1
"1",70,0,0,0,0,1,-1,1,0,0,0,1,0,26,0,0,1
"1",102,1,0,0,0,0,40,1,0,0,0,1,0,46,0,1,1
"1",119,0,0,0,0,1,-1,1,0,0,0,0,0,47,0,0,1
"0",82,0,1,0,0,1,104,0,0,0,0,1,0,18,0,0,1
"0",105,0,0,0,0,1,439,1,0,0,1,0,0,37,0,0,1
"1",66,1,0,0,0,1,1037,1,0,1,0,0,0,37,0,1,1
"1",112,0,0,0,0,1,796,1,0,0,0,1,0,26,0,0,1
"1",53,0,0,0,0,1,0,1,0,0,0,1,0,23,0,0,1
"1",145,0,1,0,0,1,0,0,0,0,0,0,0,22,0,0,0
"1",27,0,0,1,0,0,10,0,0,1,0,0,0,22,0,1,1
"0",66,1,0,0,0,1,1760,1,0,0,0,1,0,20,0,1,1
"1",94,0,0,0,0,1,0,1,0,0,0,1,0,30,0,1,1
"1",91,0,0,0,0,0,707,1,0,1,0,0,0,45,0,0,1
"0",116,0,1,0,0,0,979,0,0,0,0,1,0,30,0,0,1
"0",89,0,0,0,0,1,0,1,0,0,0,1,0,24,0,0,1
"0",102,0,1,0,0,1,41,1,0,1,0,0,0,26,0,0,1
"0",26,0,0,1,0,0,-1,0,0,0,0,1,0,26,0,0,1
"0",105,0,1,0,0,1,46,1,0,0,0,1,0,20,0,0,1
"1",69,0,1,0,0,1,17,1,0,0,0,1,0,29,0,1,1
"0",76,1,0,0,0,1,-1,1,0,0,0,1,0,20,1,0,1
"1",132,0,1,0,0,1,6,1,0,0,0,1,0,22,0,1,1
"1",67,0,1,0,0,1,0,0,0,0,0,1,0,27,0,1,1
"1",74,0,1,0,0,1,0,1,0,0,0,1,0,23,0,1,1
"0",130,0,0,0,0,1,953,1,0,0,0,1,0,21,0,0,1
"1",97,1,0,0,0,0,74,0,0,0,0,0,1,68,0,0,1
"1",46,0,0,0,0,1,1316,1,0,1,0,0,0,23,0,0,0
"1",77,0,1,0,0,1,-1,1,0,0,0,1,0,48,0,0,1
"0",89,0,1,0,0,1,125,0,0,0,0,1,0,23,0,1,1
"1",56,1,0,0,0,1,-1,1,0,0,0,1,0,31,0,0,1
"0",103,1,0,0,0,0,33,1,0,1,0,0,0,38,0,0,1
"0",87,0,1,0,0,1,72,1,0,0,0,1,0,27,0,0,1
"1",68,0,0,0,0,1,-1,1,0,0,0,1,0,30,0,1,1
"0",103,0,1,0,0,1,-1,1,0,0,0,1,0,20,0,0,1
"1",117,1,0,0,0,1,-1,1,0,0,0,1,0,32,0,0,1
"0",136,0,1,0,0,1,9,0,0,0,0,1,0,20,0,0,1
"1",125,0,0,0,0,1,384,1,0,0,0,1,0,24,0,1,1
"0",129,0,1,0,0,1,395,1,0,1,0,0,0,21,0,1,1
"1",104,0,0,0,0,1,1,1,0,0,0,1,0,25,0,0,1
"1",89,1,0,0,0,1,0,0,0,0,1,0,0,36,0,1,1
"1",122,0,0,0,0,1,-1,1,0,0,0,1,0,24,0,0,1
"1",80,1,0,0,0,1,0,1,0,0,0,1,0,27,0,0,1
"1",84,0,1,0,0,0,1057,1,0,0,0,1,0,44,0,0,0
"0",111,0,1,0,0,1,-1,1,0,1,0,0,0,38,0,0,1
"1",126,1,0,0,0,1,-1,1,0,1,0,0,0,20,0,0,1
"1",83,1,0,0,0,1,69,0,0,0,0,1,0,21,0,0,1
"0",124,0,0,0,0,1,-1,1,0,0,0,1,0,20,0,0,1
"0",151,0,1,0,0,1,1237,1,0,0,1,0,0,42,0,1,1
"1",73,1,0,0,0,1,0,0,0,1,0,0,0,24,0,0,1
"1",96,0,1,0,0,1,-1,1,0,0,0,1,0,25,0,1,1
"0",80,0,0,0,0,1,759,1,0,0,0,1,0,20,0,1,1
"1",83,0,0,0,0,1,25,1,0,0,0,1,0,27,0,0,1
"1",130,0,1,0,0,1,714,0,0,0,0,1,0,35,0,0,1
"1",91,0,0,0,0,1,-1,0,0,0,0,1,0,21,0,1,1
"1",13,1,0,0,0,1,91,1,0,0,0,1,0,18,0,1,1
"1",118,0,1,0,0,1,-1,1,0,0,0,1,0,21,0,1,1
"1",124,1,0,0,0,1,34,1,0,0,0,1,0,20,0,0,1
"0",115,0,1,0,0,1,-1,1,0,0,0,1,0,24,0,0,1
"1",131,0,0,0,0,1,719,1,0,0,0,1,0,18,0,0,1
"1",123,0,0,0,0,1,-1,1,0,0,0,1,0,25,0,0,0
"0",74,0,1,0,0,1,581,0,0,0,0,1,0,22,0,0,1
"1",115,1,0,0,0,1,9,1,0,0,0,1,0,19,0,1,1
"1",119,0,1,0,0,1,59,1,0,0,0,1,0,25,0,0,1
"0",896,0,1,0,0,0,2294,1,1,0,0,0,0,39,0,1,1
"1",96,0,1,0,0,1,-1,0,0,0,0,1,0,19,0,0,0
"0",91,0,0,0,0,0,1393,1,0,0,0,1,0,20,0,0,1
"1",126,1,0,0,0,0,1395,1,0,0,0,1,0,25,0,0,1
"1",95,1,0,0,0,1,-1,1,0,0,0,1,0,20,0,1,1
"0",130,0,1,0,0,1,-1,1,0,1,0,0,0,21,0,1,1
"0",108,0,0,0,0,0,60,1,1,0,0,0,0,40,0,0,1
"1",47,1,0,0,0,1,0,1,0,0,0,1,0,30,0,1,1
"1",55,0,0,0,0,1,746,1,0,0,0,1,0,26,0,1,1
"0",104,0,1,0,0,1,-1,1,0,0,0,1,0,19,0,0,1
"1",130,0,1,0,0,0,128,0,0,1,0,0,0,33,0,0,1
"0",61,0,1,0,0,1,0,1,0,0,0,1,0,25,0,0,1
"0",83,0,1,0,0,1,1553,1,0,0,0,1,0,16,0,0,1
"1",90,0,1,0,0,1,-1,1,0,0,0,0,0,25,0,0,0
"0",63,1,0,0,0,1,-1,1,0,0,0,1,0,19,0,0,1
"1",87,1,0,0,0,1,15,1,0,0,0,1,0,40,0,0,1
"0",62,0,1,0,0,1,-1,1,0,0,0,1,0,21,0,0,1
"1",118,0,0,0,0,1,860,1,0,0,0,1,0,20,0,0,1
"0",94,0,1,0,0,1,-1,0,0,0,0,1,0,23,0,0,1
"0",98,1,0,0,0,1,5,0,0,0,0,1,0,26,0,1,1
"1",61,1,0,0,0,1,209,1,0,0,0,1,0,30,0,0,1
"0",133,0,0,0,0,1,-1,1,0,0,0,1,0,19,0,0,1
"1",145,0,0,1,0,0,2,1,0,0,0,1,0,19,0,0,1
"1",62,1,0,0,0,1,6,1,0,1,0,0,0,34,0,0,1
"0",84,0,1,0,0,1,598,1,0,0,0,1,0,19,0,0,1
"0",89,1,0,0,0,1,-1,0,0,0,0,1,0,25,0,0,1
"1",126,0,0,0,0,1,-1,0,0,0,0,1,0,26,0,0,1
"1",94,0,0,1,0,0,-1,1,0,1,0,0,0,37,0,0,1
"1",51,0,1,0,0,1,-2,1,0,0,0,1,0,25,0,0,0
"0",33,0,0,1,0,0,-1,1,0,0,0,1,0,24,0,0,1
"0",149,0,1,0,0,1,0,1,0,0,0,1,0,32,0,0,1
"0",69,0,0,0,0,1,69,1,0,0,0,1,0,24,0,0,1
"0",703,0,0,0,0,1,-1,0,0,0,0,1,0,21,0,0,1
"1",110,1,0,0,0,1,-1,1,0,1,0,0,0,36,0,1,1
"0",122,0,0,0,0,0,3238,1,0,0,0,1,0,21,0,0,1
"0",125,1,0,0,0,0,-1,1,0,1,0,0,0,30,0,1,1
"1",77,1,0,0,0,0,-1,1,0,0,0,1,0,24,0,1,1
"0",31,0,0,0,0,1,34,1,0,1,0,0,0,28,0,0,1
"0",67,0,1,0,0,1,761,1,0,0,0,1,0,19,0,1,1
"0",54,0,0,0,0,1,319,1,0,0,0,1,0,19,0,0,1
"1",81,0,0,0,0,1,-1,1,0,0,0,1,0,22,0,0,1
"1",154,0,1,0,0,1,-1,1,0,0,0,0,0,18,0,1,0
"0",783,0,0,0,0,1,28,1,0,0,0,1,0,21,0,0,1
"0",63,0,1,0,0,0,1992,1,0,0,0,1,0,28,0,0,1
"1",108,1,0,0,0,1,3,1,0,0,0,1,0,24,0,0,1
"0",63,0,0,0,0,1,-1,1,0,0,0,1,0,22,0,0,1
"0",73,0,1,0,0,1,-1,1,0,1,0,0,0,42,0,0,1
"0",73,0,1,0,0,1,169,1,0,0,0,1,0,25,0,0,1
"1",90,0,1,0,0,1,243,1,0,0,0,0,0,29,0,1,1
"1",14,0,0,1,0,0,328,1,0,0,0,1,0,27,1,1,0
"1",97,0,1,0,0,1,283,1,0,0,0,0,0,23,0,0,0
"0",98,1,0,0,0,1,185,1,0,0,0,1,0,19,0,1,1
"0",62,0,1,0,0,1,3,1,0,0,0,1,0,22,0,0,1
"0",136,0,1,0,0,1,115,1,0,0,0,1,0,37,0,0,1
"1",150,0,1,0,0,1,1532,1,0,0,0,1,0,18,0,0,1
"0",94,0,1,0,0,1,7,1,0,0,0,1,0,26,0,1,1
"1",95,0,1,0,0,0,-1,1,0,0,0,1,0,25,0,1,1
"0",32,1,0,0,0,1,323,1,0,1,0,0,0,21,0,0,1
"1",42,0,0,1,0,0,13,1,0,0,0,1,0,22,0,0,1
"1",17,0,0,1,0,0,1785,1,0,0,0,0,0,29,0,0,0
"1",89,0,1,0,0,1,0,0,0,0,0,1,0,20,0,1,1
"0",103,0,0,0,0,1,19,1,0,0,0,1,0,30,0,1,1
"0",54,0,0,0,0,1,-1,0,0,0,0,1,0,22,0,1,1
"1",91,0,1,0,0,1,13,1,0,0,0,1,0,24,0,1,1
"0",110,0,1,0,0,0,48,1,0,1,0,0,0,32,0,0,1
"0",151,0,0,0,0,1,0,1,0,0,0,1,0,20,0,0,1
"0",94,1,0,0,0,1,347,1,0,0,0,1,0,21,0,1,1
"1",81,1,0,0,0,1,7,0,0,0,0,1,0,24,0,1,1
"0",103,0,1,0,0,1,2260,1,0,0,0,1,0,26,1,0,1
"0",110,0,1,0,0,1,33,0,0,0,0,1,0,27,0,1,1
"0",117,0,1,0,0,1,-1,1,0,1,0,0,0,23,0,0,1
"1",95,0,0,0,0,0,425,0,0,0,0,1,0,20,0,1,1
"1",90,0,1,0,0,1,-1,0,0,0,0,0,0,20,0,1,0
"0",115,0,1,0,0,1,94,1,0,0,0,1,0,24,0,1,1
"0",116,0,1,0,0,0,3298,1,0,1,0,0,0,23,0,1,1
"1",48,0,0,0,0,1,-1,1,0,1,0,0,0,26,1,0,1
"0",74,1,0,0,0,1,0,0,0,1,0,0,0,23,1,1,1
"0",102,0,1,0,0,1,49,1,0,1,0,0,0,24,0,0,1
"1",131,0,0,0,0,0,16,1,0,0,0,1,0,42,0,0,1
"0",147,0,1,0,0,1,149,0,0,0,0,1,0,25,0,0,1
"0",87,0,1,0,0,1,-1,1,0,0,0,1,0,20,0,1,1
"0",129,0,0,0,0,0,41,0,0,0,0,1,0,24,0,0,1
"0",68,0,0,0,0,1,0,1,0,0,0,1,0,31,0,1,1
"0",81,0,0,0,0,0,1428,1,0,0,0,1,0,19,0,0,1
"0",89,0,1,0,0,0,1910,1,0,0,0,1,0,25,0,1,1
"0",98,0,0,0,0,1,-1,1,0,1,0,0,0,23,0,0,1
"0",102,0,1,0,0,1,84,1,0,0,0,1,0,21,0,0,1
"1",133,0,1,0,0,0,3793,0,0,0,0,1,0,35,1,1,0
"1",89,1,0,0,0,1,-1,1,0,0,0,1,0,35,0,1,1
"0",69,0,1,0,0,1,-1,1,0,0,0,1,0,23,0,1,1
"0",69,0,1,0,0,1,-1,1,0,1,0,0,0,24,0,0,1
"0",150,0,0,0,0,1,2019,1,0,0,0,0,0,18,0,0,1
"1",126,0,0,0,0,1,185,1,0,0,0,1,0,34,0,0,1
"0",129,0,1,0,0,0,-1,0,0,0,0,1,0,29,0,0,1
"1",119,0,0,0,0,1,24,1,0,0,0,1,0,25,0,0,1
"0",123,0,1,0,0,1,69,0,0,1,0,0,0,36,1,1,1
"1",111,1,0,0,0,0,2804,1,0,1,0,0,0,29,0,0,1
"0",125,1,0,0,0,1,127,0,0,0,0,1,0,25,1,1,1
"1",112,1,0,0,0,1,31,0,0,0,0,1,0,20,0,1,1
"0",69,0,0,0,0,1,-1,1,0,0,0,1,0,20,0,0,1
"0",131,1,0,0,0,1,-1,1,0,0,0,1,0,22,0,0,1
"1",77,0,0,0,0,1,0,1,0,0,0,1,0,26,0,0,1
"1",90,0,1,0,0,0,94,1,0,1,0,0,0,33,0,0,1
"0",157,0,0,0,0,1,1308,1,0,1,0,0,0,23,0,1,1
"1",52,1,0,0,0,0,-1,1,0,0,1,0,0,26,0,0,1
"1",76,0,0,0,0,1,-1,1,0,0,1,0,0,26,0,1,1
"0",67,0,1,0,0,1,-1,1,0,0,0,1,0,24,0,1,1
"0",111,0,0,0,0,1,54,1,0,0,0,1,0,21,0,1,1
"1",61,0,1,0,0,0,1,1,0,0,0,0,0,29,0,1,0
"1",87,1,0,0,0,1,1,1,0,0,0,1,0,20,0,1,1
"1",70,0,1,0,0,1,-1,1,0,1,0,0,0,33,0,0,1
"1",39,0,0,0,0,1,0,0,0,1,0,0,0,30,0,1,1
"1",98,0,0,0,0,1,102,1,0,0,0,0,0,23,0,1,1
"0",68,0,0,0,0,1,61,1,0,0,0,1,0,20,0,0,1
"0",70,0,1,0,0,0,-1,1,0,0,0,1,0,29,0,1,1
"1",82,0,0,0,0,1,799,0,1,0,0,0,0,25,0,0,1
"0",126,0,1,0,0,1,-1,0,0,0,0,1,0,21,0,0,1
"0",136,0,1,0,0,1,737,1,1,0,0,0,0,50,0,0,1
"0",53,0,0,0,0,1,14,1,1,0,0,0,0,45,0,0,1
"1",90,0,1,0,0,1,259,1,0,0,0,1,0,19,0,0,1
"1",126,0,1,0,0,0,-1,1,0,1,0,0,0,36,0,0,1
"1",76,1,0,0,0,1,-1,0,0,0,0,1,0,21,0,1,1
"0",105,0,0,0,0,1,88,1,0,0,0,1,0,18,0,0,1
"0",101,0,0,0,0,1,0,1,0,0,0,1,0,21,0,0,1
"0",66,0,1,0,0,1,-1,1,0,0,0,1,0,19,0,0,1
"0",115,1,0,0,0,1,-1,1,0,0,0,1,0,37,0,0,1
"0",53,0,0,0,0,1,-1,1,0,0,0,1,0,22,0,1,1
"0",95,0,0,0,0,1,-1,1,0,0,0,1,0,22,0,0,1
"1",88,0,1,0,0,1,-1,1,0,0,0,1,0,23,0,1,1
"0",122,0,0,0,0,1,151,1,0,0,0,1,0,24,0,0,1
"1",101,0,0,0,0,1,0,1,0,0,0,1,0,29,0,0,1
"1",102,0,1,0,0,1,0,1,0,0,0,1,0,22,0,0,0
"0",126,0,0,0,0,0,7,1,0,0,0,0,0,32,0,0,1
"0",118,0,0,0,0,1,28,1,0,0,0,1,0,23,0,0,1
"0",131,0,0,0,0,1,19,1,0,0,0,1,0,21,0,0,1
"1",122,0,1,0,0,1,69,1,0,0,0,1,0,23,0,1,0
"1",126,1,0,0,0,1,0,1,0,0,0,1,0,23,0,0,1
"1",136,1,0,0,0,0,0,1,1,0,0,0,0,45,0,0,1
"1",101,0,1,0,0,1,-1,1,0,0,0,0,0,18,0,0,0
"1",131,1,0,0,0,1,-1,1,0,0,0,1,0,32,0,0,1
"1",94,0,1,0,0,1,10,1,0,0,0,1,0,22,0,1,1
"1",39,0,0,0,0,1,-1,1,0,0,0,1,0,24,0,0,1
"1",115,0,1,0,0,1,1206,1,0,0,0,1,0,20,0,0,1
"0",126,0,1,0,0,1,1012,1,0,0,0,1,0,23,0,0,1
"1",88,1,0,0,0,1,2072,1,0,0,0,1,0,18,0,0,1
"1",136,0,0,0,0,1,25,0,0,0,0,1,0,20,0,1,0
"1",126,0,1,0,0,1,5,0,0,0,0,0,0,20,0,0,0
"0",94,0,0,0,0,0,-1,1,0,1,0,0,0,42,0,0,1
"0",38,0,0,0,0,1,-1,1,0,0,0,1,0,19,0,0,1
"1",110,0,1,0,0,1,9,0,0,0,0,1,0,30,0,0,1
"1",46,0,0,0,0,1,-1,1,0,0,0,1,0,19,0,1,1
"1",119,0,0,1,0,0,-1,1,0,0,0,1,0,23,0,0,0
"1",61,0,0,0,0,1,0,1,0,0,0,1,0,25,0,0,1
"1",75,1,0,0,0,0,909,1,0,0,0,1,0,33,1,1,1
"0",125,0,0,0,0,1,84,1,0,0,0,1,0,22,0,1,1
"1",131,0,1,0,0,1,-1,0,0,0,0,1,0,20,0,1,1
"0",129,0,0,0,0,1,216,1,0,1,0,0,0,32,0,0,1
"1",48,0,0,0,0,1,-1,1,0,0,0,1,0,19,0,1,1
"0",154,0,0,0,0,1,0,1,0,0,0,0,0,23,0,1,1
"1",90,0,1,0,0,0,-1,1,0,0,0,0,0,29,0,0,0
"1",116,0,0,1,0,0,-1,1,0,0,0,1,0,22,0,1,1
"0",115,0,0,0,0,1,93,1,0,0,0,1,0,23,0,1,1
"1",123,0,1,0,0,1,141,1,0,0,0,1,0,33,0,0,0
"1",62,1,0,0,0,1,0,1,0,0,0,1,0,22,0,1,1
"0",131,0,0,1,0,0,-1,1,0,1,0,0,0,33,0,1,1
"1",67,0,0,0,0,0,1419,1,0,0,0,1,0,25,0,0,1
"0",95,0,1,0,0,1,717,1,0,0,0,1,0,19,0,0,1
"1",89,1,0,0,0,1,22,1,0,0,1,0,0,36,0,0,1
"1",68,1,0,0,0,1,2,1,0,0,0,1,0,26,0,1,1
"1",109,0,1,0,0,1,110,1,0,0,0,1,0,21,0,0,1
"1",61,1,0,0,0,1,39,1,0,0,0,1,0,23,0,1,1
"0",132,0,1,0,0,0,159,1,0,0,0,1,0,29,0,1,1
"0",515,1,0,0,0,1,0,1,0,0,0,1,0,31,0,0,1
"1",94,0,1,0,0,1,-1,1,0,0,1,0,0,54,0,1,1
"0",12,1,0,0,0,0,614,0,0,0,0,1,0,22,1,0,1
"1",102,0,1,0,0,1,-1,1,0,0,0,0,0,20,0,0,1
"0",125,0,0,0,0,1,161,1,0,0,0,1,0,19,0,0,1
"1",123,1,0,0,0,1,27,1,0,0,0,1,0,24,0,1,1
"0",91,0,1,0,0,0,184,1,0,0,0,1,0,26,0,1,1
"0",132,0,1,0,0,1,28,1,0,0,0,1,0,22,0,0,1
"0",89,0,1,0,0,1,2,1,0,0,0,1,0,21,0,0,1
"0",90,0,1,0,0,1,-1,1,0,0,0,1,0,21,0,0,1
"0",118,0,0,0,0,1,690,1,0,0,0,1,0,24,0,0,1
"1",95,1,0,0,0,1,1,1,0,0,0,1,0,32,0,1,1
"0",68,0,0,0,0,1,1940,1,0,0,0,1,0,19,0,1,1
"0",88,0,1,0,0,0,2045,1,0,0,1,0,0,38,0,1,1
"0",126,0,1,0,0,0,-1,1,0,0,0,1,0,33,0,1,1
"0",74,0,1,0,0,1,-1,0,0,0,0,1,0,19,0,0,1
"1",138,0,1,0,0,1,8,1,0,0,0,0,0,25,0,0,0
"0",56,0,1,0,0,1,156,1,0,0,0,1,0,24,0,0,1
"0",126,0,0,0,0,0,-1,0,0,0,0,1,0,24,0,0,1
"0",151,0,0,0,0,1,-1,1,0,0,0,0,0,24,0,1,1
"1",62,0,0,0,0,0,6,1,0,0,0,0,1,33,0,0,1
"0",126,0,1,0,0,1,872,1,0,0,0,1,0,17,0,1,1
"1",192,0,1,0,0,1,-1,0,0,0,0,1,0,29,0,0,1
"0",103,0,0,0,0,0,1002,1,0,0,0,1,0,31,0,0,1
"1",138,0,1,0,0,1,-1,1,0,0,0,0,0,22,0,0,0
"1",67,1,0,0,0,0,2605,1,0,0,0,1,0,19,0,1,1
"1",66,0,0,1,0,0,-1,0,0,0,0,1,0,20,0,0,0
"1",117,0,1,0,0,1,-1,0,0,1,0,0,0,28,0,0,1
"0",130,0,0,0,0,1,727,1,0,0,0,0,0,42,0,0,1
"0",147,0,1,0,0,1,149,1,0,1,0,0,0,27,0,0,1
"0",84,1,0,0,0,1,144,1,0,0,0,1,0,22,0,0,1
"0",102,0,1,0,0,1,1698,1,0,0,0,1,0,19,0,0,1
"1",137,1,0,0,0,1,0,1,0,0,0,1,0,23,1,0,1
"0",84,0,1,0,0,1,-1,1,0,1,0,0,0,22,0,1,1
"0",32,0,0,0,0,1,41,0,0,0,0,1,0,20,0,0,1
"1",42,0,0,1,0,0,-1,1,0,0,0,1,0,22,0,0,1
"0",77,0,0,0,0,1,-1,1,0,0,0,1,0,24,0,1,1
"0",35,1,0,0,0,1,217,1,0,0,0,1,0,23,0,1,1
"1",38,0,0,0,0,1,-1,1,0,0,0,1,0,29,0,1,1
"0",69,0,0,0,0,1,0,1,0,0,0,1,0,23,0,0,1
"0",117,0,0,0,0,1,57,1,0,0,0,1,0,24,0,0,1
"0",90,0,1,0,0,1,329,1,0,1,0,0,0,37,0,1,1
"1",25,0,0,0,0,1,13,0,0,1,0,0,0,36,0,1,0
"0",126,0,0,1,0,0,-1,0,0,0,0,1,0,23,0,0,1
"1",68,0,1,0,0,1,-1,1,0,0,0,0,0,22,0,1,0
"1",76,0,0,0,0,1,0,0,0,0,0,1,0,23,0,0,1
"1",68,0,0,0,0,1,737,0,0,0,0,1,0,20,0,1,0
"0",131,0,0,0,0,1,6,1,0,0,0,1,0,20,0,0,1
"1",49,0,1,0,0,1,13,1,0,0,0,0,0,23,0,0,0
"0",41,1,0,0,0,0,3059,1,0,1,0,0,0,19,0,0,1
"1",66,1,0,0,0,0,1030,1,0,0,0,1,0,25,0,0,1
"1",67,0,0,0,0,1,125,0,0,0,0,0,0,21,0,0,1
"0",73,0,0,0,0,1,-130,1,0,0,0,1,0,22,0,1,1
"1",102,0,1,0,0,0,4,1,0,0,0,1,0,33,0,1,1
"0",118,0,1,0,0,1,82,1,0,0,0,1,0,20,0,0,1
"0",101,1,0,0,0,1,344,1,0,0,0,1,0,22,0,0,1
"0",77,0,0,0,0,1,208,1,0,0,0,1,0,18,0,0,1
"1",101,1,0,0,0,1,0,1,0,0,0,1,0,19,0,1,1
"1",84,0,1,0,0,1,152,1,0,0,0,1,0,20,0,1,0
"1",96,0,0,0,0,1,-1,1,0,0,0,1,0,21,0,1,0
"1",25,1,0,0,0,1,20,0,0,1,0,0,0,35,1,0,1
"1",95,0,0,0,0,1,87,1,1,0,0,0,0,35,0,0,1
"1",56,0,0,0,0,1,-1,1,0,0,0,1,0,28,0,0,1
"0",122,1,0,0,0,1,-1,0,0,0,0,1,0,21,0,1,1
"1",104,0,1,0,0,1,874,1,0,0,0,1,0,22,0,1,0
"1",109,0,0,1,0,0,779,1,0,0,0,0,0,21,0,0,0
"1",108,0,1,0,0,1,-1,1,0,0,0,1,0,22,0,0,1
"1",130,0,1,0,0,1,494,0,0,0,0,1,0,22,0,0,1
"0",115,0,0,0,0,1,150,1,0,0,0,1,0,22,0,0,1
"1",63,0,1,0,0,1,28,1,0,0,0,1,0,26,0,0,1
"1",96,1,0,0,0,1,-1,1,0,0,0,1,0,18,0,1,1
"0",94,0,1,0,0,1,-1,1,0,0,0,1,0,24,0,0,1
"0",117,0,0,0,0,1,58,0,0,0,0,1,0,35,0,1,1
"0",112,0,0,0,0,1,724,0,0,0,0,1,0,38,0,0,1
"1",74,0,1,0,0,1,27,1,0,0,0,0,0,19,0,0,0
"1",48,1,0,0,0,1,-1,1,0,0,0,1,0,35,0,1,1
"1",115,0,0,0,0,1,-1,0,0,0,0,1,0,25,0,0,1
"0",115,0,1,0,0,1,-1,1,0,0,0,1,0,22,0,0,1
"0",102,0,0,0,0,0,1640,1,0,0,0,1,0,20,0,0,1
"1",96,1,0,0,0,1,396,0,0,0,0,1,0,21,0,1,1
"1",157,0,0,1,0,0,771,1,0,0,0,1,0,40,0,0,1
"1",108,1,0,0,0,1,-1,1,0,0,0,1,0,20,0,0,1
"0",108,0,1,0,0,1,-1,1,0,1,0,0,0,30,0,0,1
"0",53,0,0,0,0,1,-1,0,0,0,0,1,0,25,0,0,1
"1",94,0,0,1,0,0,345,1,1,0,0,0,0,32,0,0,0
"0",47,1,0,0,0,0,-1,0,0,0,0,1,0,20,0,0,1
"1",104,0,1,0,0,1,-1,1,0,0,0,0,0,28,0,0,0
"1",91,1,0,0,0,1,7,1,0,0,0,1,0,49,0,0,1
"0",56,0,1,0,0,1,-1,1,0,1,0,0,0,24,0,1,1
"1",137,0,1,0,0,1,-1,0,0,0,0,1,0,25,0,0,1
"0",14,1,0,0,0,1,436,1,0,1,0,0,0,32,1,1,1
"1",76,1,0,0,0,1,-1,1,0,0,0,1,0,22,0,0,1
"1",117,0,0,0,0,0,41,1,0,1,0,0,0,29,0,0,1
"1",117,0,0,0,0,1,-1,1,0,0,0,0,0,30,0,0,0
"1",18,1,0,0,0,0,920,1,0,1,0,0,0,40,0,0,1
"1",54,1,0,0,0,1,8,1,0,0,0,1,0,33,0,0,1
"1",73,1,0,0,0,1,0,0,0,0,0,1,0,35,0,0,1
"1",62,1,0,0,0,0,-1,1,0,1,0,0,0,25,0,0,1
"1",102,0,0,0,0,1,78,1,0,1,0,0,0,40,0,0,1
"0",75,0,0,0,0,1,-1,1,0,0,0,1,0,24,0,0,1
"1",126,0,1,0,0,0,754,1,0,0,0,1,0,28,0,0,0
"1",137,0,1,0,0,1,11,1,0,0,0,1,0,38,0,1,1
"1",131,1,0,0,0,1,-1,1,0,0,0,1,0,24,0,1,1
"1",131,0,0,0,0,0,709,1,0,1,0,0,0,29,0,1,1
"1",131,0,1,0,0,1,229,1,0,0,0,1,0,22,0,0,1
"0",118,0,0,0,0,1,112,1,0,0,0,1,0,22,0,1,1
"1",46,1,0,0,0,1,216,1,0,0,0,1,0,18,0,0,1
"1",31,0,0,1,0,0,0,1,0,0,0,1,0,25,0,0,1
"0",41,1,0,0,0,1,-1,1,0,0,0,1,0,24,0,0,1
"0",118,0,1,0,0,1,-1,1,0,0,0,1,0,22,0,0,1
"0",97,0,1,0,0,1,77,0,0,0,0,1,0,24,0,1,1
"1",89,0,0,0,0,1,-1,0,0,0,0,1,0,25,0,1,1
"0",104,0,1,0,0,1,131,0,0,0,0,1,0,24,0,1,1
"1",108,1,0,0,0,1,0,1,0,0,0,1,0,22,0,1,1
"0",124,1,0,0,0,1,1821,0,0,0,0,1,0,24,0,1,1
"0",73,0,1,0,0,1,862,1,0,0,0,1,0,25,0,1,1
"1",103,0,0,0,0,1,968,1,1,0,0,0,0,21,1,0,1
"1",47,0,0,0,0,1,-1,1,0,0,0,1,0,22,0,1,1
"0",47,0,0,0,0,0,2,1,0,1,0,0,0,32,0,0,1
"1",116,1,0,0,0,1,112,1,0,0,0,1,0,20,0,1,1
"0",91,0,0,0,0,1,908,1,0,0,0,1,0,21,0,0,1
"0",73,0,1,0,0,1,-1,1,0,0,0,1,0,24,0,0,1
"0",122,0,0,0,0,0,2158,1,0,0,0,1,0,24,0,0,1
"1",137,0,1,0,0,0,656,0,0,0,0,1,0,20,0,1,0
"1",70,1,0,0,0,1,6,1,0,1,0,0,0,35,0,0,1
"1",137,0,1,0,0,1,-1,1,0,0,0,1,0,18,0,1,1
"1",130,0,1,0,0,1,78,1,0,0,0,1,0,24,0,1,1
"0",47,0,0,0,0,1,0,1,0,0,0,1,0,28,0,0,1
"1",77,0,1,0,0,1,774,1,0,1,0,0,0,30,0,0,1
"0",94,0,1,0,0,1,143,1,0,0,0,1,0,19,0,1,1
"0",110,0,0,0,0,1,109,1,0,0,0,1,0,22,0,1,1
"1",133,1,0,0,0,0,1744,1,0,1,0,0,0,38,0,0,1
"1",69,0,1,0,0,1,91,1,1,0,0,0,0,32,0,1,1
"1",126,0,1,0,0,1,20,0,0,1,0,0,0,47,0,0,0
"0",124,1,0,0,0,1,-1,1,0,0,0,1,0,20,0,0,1
"1",91,0,1,0,0,0,-1,1,0,0,0,1,0,21,0,0,1
"1",98,0,1,0,0,1,-1,1,0,0,0,1,0,22,0,0,1
"0",98,1,0,0,0,1,843,1,0,1,0,0,0,34,0,1,1
"1",39,0,0,0,0,0,-1,1,0,1,0,0,0,27,0,1,1
"0",84,0,1,0,0,1,103,1,0,0,0,1,0,21,0,0,1
"0",125,0,1,0,0,1,0,1,0,0,0,1,0,26,0,0,1
"1",125,0,1,0,0,1,-1,1,0,0,0,0,0,32,0,1,0
"0",125,0,1,0,0,1,251,1,0,0,0,1,0,18,0,1,1
"1",75,0,1,0,0,1,-1,0,0,0,0,0,0,20,0,1,0
"0",130,0,0,0,0,1,184,1,0,1,0,0,0,26,0,0,1
"1",125,1,0,0,0,1,-1,1,0,0,0,1,0,21,0,0,1
"0",125,0,0,0,0,1,6,1,0,1,0,0,0,41,0,0,1
"0",73,0,0,0,0,1,-1,1,0,0,0,1,0,22,0,0,1
"0",130,0,1,0,0,1,-1,0,0,0,0,1,0,21,0,0,1
"0",41,0,0,0,0,1,643,1,0,0,0,1,0,31,0,1,1
"0",108,0,1,0,0,1,66,1,0,0,0,1,0,22,0,1,1
"0",42,0,0,0,0,1,0,1,0,0,0,1,0,24,0,0,1
"0",73,0,0,0,0,1,833,1,0,0,0,1,0,23,0,0,1
"1",133,0,1,0,0,0,-1,1,0,0,0,1,0,22,0,0,1
"0",96,1,0,0,0,1,1076,1,0,0,0,1,0,18,0,1,1
"1",126,0,1,0,0,0,2898,1,0,0,0,1,0,22,0,1,1
"0",108,0,1,0,0,1,-1,1,0,0,0,1,0,22,0,0,1
"0",88,0,1,0,0,1,78,0,0,0,0,1,0,43,0,0,1
"0",97,0,0,1,0,0,14,1,0,0,0,1,0,28,1,0,1
"1",75,1,0,0,0,1,2,1,0,0,0,1,0,42,0,0,1
"0",66,0,0,0,0,0,-1,0,0,0,0,1,0,25,0,0,1
"1",110,1,0,0,0,1,-1,1,0,0,0,1,0,20,0,1,1
"0",108,0,1,0,0,0,83,1,0,0,0,1,0,23,0,0,1
"1",66,1,0,0,0,1,32,0,0,0,0,1,0,28,0,0,1
"1",91,0,0,0,0,1,68,1,0,0,0,1,0,22,0,0,1
"0",110,1,0,0,0,1,86,0,0,0,0,1,0,32,1,0,1
"0",77,0,1,0,0,0,55,1,0,0,0,1,0,28,0,0,1
"1",75,1,0,0,0,1,2,1,0,1,0,0,0,32,0,1,1
"1",54,0,0,0,0,1,0,1,0,0,0,1,0,23,0,1,1
"0",20,1,0,0,0,1,543,1,0,0,0,1,0,21,0,0,1
"0",130,0,0,0,0,1,6,0,0,0,0,1,0,22,0,0,1
"1",84,0,1,0,0,1,4,1,0,0,0,1,0,20,0,0,1
"1",115,0,0,0,0,0,-1,1,0,1,0,0,0,26,0,0,0
"1",97,0,1,0,0,1,0,1,0,0,0,1,0,25,0,1,1
"1",91,0,1,0,0,1,210,1,0,0,0,1,0,20,0,1,1
"0",118,0,1,0,0,1,118,1,0,1,0,0,0,31,0,0,1
"0",132,1,0,0,0,1,39,1,0,0,0,1,0,21,0,0,1
"1",42,0,0,0,0,1,0,0,0,0,0,1,0,22,0,0,1
"1",115,0,1,0,0,1,12,1,0,0,0,1,0,21,0,0,1
"0",111,0,1,0,0,1,-1,1,0,0,0,0,0,21,0,0,1
"0",131,1,0,0,0,1,-1,1,0,0,0,1,0,18,0,1,1
"1",111,0,1,0,0,1,-1,1,0,0,0,0,0,23,0,0,0
"1",104,1,0,0,0,1,1,1,0,0,0,1,0,21,0,0,1
"1",91,1,0,0,0,1,-1,1,0,0,0,1,0,27,0,1,1
"1",102,0,0,0,0,0,-1,0,0,0,0,0,0,25,0,0,1
"0",122,0,0,0,0,1,-1,0,1,0,0,0,0,35,1,0,1
"0",115,0,0,0,0,1,30,0,0,0,0,1,0,29,0,0,1
"1",88,0,1,0,0,1,-1,1,0,0,0,1,0,35,0,1,1
"1",81,1,0,0,0,1,1598,0,0,0,0,1,0,19,0,0,1
"0",39,1,0,0,0,1,-1,1,0,1,0,0,0,28,1,1,1
"0",89,0,1,0,0,1,253,0,0,0,0,1,0,20,0,1,1
"0",147,0,0,0,0,1,-1,1,0,1,0,0,0,28,0,1,1
"1",110,0,1,0,0,1,-1,1,1,0,0,0,0,32,0,0,1
"0",96,1,0,0,0,1,-1,1,0,0,0,1,0,20,0,0,1
"1",109,0,0,0,0,1,-1,1,0,1,0,0,0,34,0,0,1
"1",35,1,0,0,0,1,0,1,0,0,0,1,0,18,0,1,1
"1",94,0,0,0,0,1,-1,1,0,1,0,0,0,25,0,0,1
"0",77,0,0,1,0,0,-1,1,0,0,0,1,0,22,0,0,1
"0",68,1,0,0,0,1,8,0,0,0,0,1,0,23,0,0,1
"1",77,0,1,0,0,0,1720,1,0,0,0,1,0,19,0,1,1
"1",96,1,0,0,0,1,13,1,0,0,0,1,0,22,0,1,1
"1",66,1,0,0,0,0,854,1,0,1,0,0,0,61,0,0,1
"1",117,1,0,0,0,1,746,1,0,1,0,0,0,33,0,1,1
"0",26,1,0,0,0,1,0,1,0,0,0,1,0,25,0,0,1
"0",143,0,1,0,0,1,126,1,0,0,0,1,0,21,0,0,1
"0",108,0,1,0,0,1,2,1,0,0,0,1,0,22,0,0,1
